Author,Comment,LikeCount,ReplyCount,neg,neu,pos,compound,Label
@EMIWAYBANTAII,5:29 😂😂 bantai,593,0,0.0,1.0,0.0,0.0,Neutral
@EMIWAYBANTAII,"Emiwaybantai <a href=""https://www.youtube.com/watch?v=S_DRe0qbUJk&amp;t=319"">5:19</a>",2,0,0.0,1.0,0.0,0.0,Neutral
@BadMunda-wt8ri,Bantai ko lageli  bhook 🚨🚨 5:15,1374,22,0.0,1.0,0.0,0.0,Neutral
@Syed_Asif,1:02 bro didn't even hesitate,90,0,0.0,0.674,0.326,0.4404,Positive
@Syed_Asif,4:20 robot 2.0 bts vibes❤❤😂,8,0,0.0,0.674,0.326,0.4404,Positive
@Syed_Asif,3:02 surma looks good on you lol❤❤,8,0,0.0,0.674,0.326,0.4404,Positive
@aashita6204,5:47 bhai bhai bhai!!!!!,25,0,0.0,1.0,0.0,0.0,Neutral
@birtanay5408,Garam hai Garam hai 🔥🔥🔥🔥,625,2,0.0,1.0,0.0,0.0,Neutral
@Theminipod-qz5fs,"Bantai ko lageli bhuk
Carry(Bill gates version 😆",106,0,0.0,1.0,0.0,0.0,Neutral
@mahimaarrahahai7019,Bantai ko lageeli bhookh 😂❤,84,4,0.0,1.0,0.0,0.0,Neutral
@Shivam-uu5fp,8:32 best moment ❤❤,317,0,0.0,0.417,0.583,0.6369,Positive
@VenomFacts1,5:15 Deepak bhai :- burger khayega 😅,479,3,0.0,1.0,0.0,0.0,Neutral
@anowarhossainmondal7115,Bantai ko lageli bhook 😂,14,0,0.0,1.0,0.0,0.0,Neutral
@pranavkumar4365,BKP hijacked that Comment section☠️,356,9,0.0,1.0,0.0,0.0,Neutral
@hemrajsuthar5945,Bantai ko lageli bhookh 💀,275,4,0.0,1.0,0.0,0.0,Neutral
@ur.razzzz7398,Machayenge 4 male version 💀,1228,38,0.0,1.0,0.0,0.0,Neutral
@ur.razzzz7398,Bantai fans attendance here ❤,48,2,0.0,1.0,0.0,0.0,Neutral
@Abhi-07-h1h,5:47 i thought it was real dolly chai wala 😂,254,4,0.0,1.0,0.0,0.0,Neutral
@StellarGaming07,Purav Jha + Carry = Tabahi 🔥🔥🔥,34,0,0.0,1.0,0.0,0.0,Neutral
@DeepjyotiBarman-nl6ym,5:53  bro that angle 😮 perfect dolly lagra tha,57,3,0.0,0.654,0.346,0.5719,Positive
@EBCOMPANY_09,Bantai Ko Lageli Bhookh 💀💀,363,6,0.0,1.0,0.0,0.0,Neutral
@EBCOMPANY_09,Bantai Fans Attendance Lagao 🐐📈,21,0,0.0,1.0,0.0,0.0,Neutral
@itz_genius,8:28 Carry bhai 😁😁,257,2,0.0,1.0,0.0,0.0,Neutral
@KeshavAgarwal-hd3nx,BANTAI KO LAGELI BHOOKH 🔥🔥😅🤣,7,0,0.0,1.0,0.0,0.0,Neutral
@ChallengerFireRaj,"0:19 ""Bro is Too Frankly than other "" 🙂👍",63,1,0.0,1.0,0.0,0.0,Neutral
@Hopcut-e6m9i,Bantai ko lageli bhook👀,120,1,0.0,1.0,0.0,0.0,Neutral
@Roneysinghrajput,Purav +carry= new era 😊😊😊❤,88,0,0.0,1.0,0.0,0.0,Neutral
@vaibhavrathore2235,2:44 harsh bhai se bada set ha kya 😂,14,0,0.257,0.531,0.212,-0.128,Neutral
@lalu_143,Bantai ko lageli bhook 😅,7,0,0.0,1.0,0.0,0.0,Neutral
@technothanks5064,Purav bhai emiway bantai k traf se bohot pyaar ❤,6,0,0.0,1.0,0.0,0.0,Neutral
@shekharlahuravte,best collab this year goes to purav and carry🥵😉,87,1,0.0,0.656,0.344,0.6369,Positive
@devise2641,"Its shows how carry is professional 
Great job purav bhai",16,0,0.0,0.652,0.348,0.9042,Positive
@devise2641,The respect <br>Purav bhai love u yr <br>Feels blessed ki aap log jeson ka mein content dekh ta hun 🫡🫡<br><br>Na ki un chapri ka 😂😂,0,0,0.0,0.652,0.348,0.9042,Positive
@hululululu_97,7:46 dosto ja rhe hai last shot lene 🌚🌚,44,1,0.0,1.0,0.0,0.0,Neutral
@Rohit_ke_reaction,Finally Collab With Carry Bhai ❤💪🔥,194,9,0.0,1.0,0.0,0.0,Neutral
@aliya_thv,That *garam hai Garam hai *😂😂,133,4,0.0,1.0,0.0,0.0,Neutral
@aliya_thv,50 shades of purav jha 😂,27,0,0.0,1.0,0.0,0.0,Neutral
@ashutoshshukla007,4:48 Sasta Jack Sparrow 😂,25,0,0.0,1.0,0.0,0.0,Neutral
@Vivekji0007_g,2:34 laga jaise real mai Dolly agaya 😂😂😂,25,0,0.0,1.0,0.0,0.0,Neutral
@quickupdates410,"2:35 pr ekdam se sach m aisa lga bc yeh ""dolly chaiwala"" kaha se aa gya 🤯😅",28,0,0.0,1.0,0.0,0.0,Neutral
@officialmahesharya,Machayenge 4 Wala Line ✨🔥,37,0,0.0,1.0,0.0,0.0,Neutral
@classified_yt457,Bantai ko lagelii bhook 💥🔝,74,0,0.0,1.0,0.0,0.0,Neutral
@Iloveyou14345,Love from bkp ❣️🫂,6,0,0.0,0.417,0.583,0.6369,Positive
@Masum534,Garam Hai garam Hai 😂,62,1,0.0,1.0,0.0,0.0,Neutral
@Beda6969,5:09 😂😂,42,0,0.0,1.0,0.0,0.0,Neutral
@Iamok7,Purav and carry acting is next level Yar 😮😮,7,0,0.0,1.0,0.0,0.0,Neutral
@nandanvbedre,Emiway bantai 🔥🔥🔥,5,0,0.0,1.0,0.0,0.0,Neutral
@gurkhawarrior9931,2:06 बेल्ट लगाया करो ✅👍️,45,0,0.0,1.0,0.0,0.0,Neutral
@abhijeetprakash7062,Talented people like you should be appreciated ❤🎉,7,0,0.0,0.355,0.645,0.8442,Positive
@Putin_TheKattarRussian,"I used to watch CarryMinati, but later I got bored of his repetitive content, and many of my friends did the same. However, after rewatching his videos, I can say that he is now working on versatility and perfectly portrays the role of each character.
Good work by Carryminati and PuravJha bhai tussi ta great ho ji ❤",3,0,0.071,0.661,0.268,0.9538,Positive
@Rajveer_Singh68,0:50 Padhne likhne ki Umar me Yaha shoot maari ja rahi hau😂😂,11,0,0.179,0.821,0.0,-0.34,Negative
@AMAN_SHAKYA_27,6:39  bhai aapko laga hoga jayada time le rhe hai kyon ki aap duse ki shoot par gye the to jayada pata nahi hota hai lekin aap apni video banate ho to aap ko paha hota hai ki next move kya hai to jaldi lgta hai 👍🏻👍🏻♥️,8,0,0.05,0.95,0.0,-0.34,Negative
@lamijade-vb7pg4tt8e,"Bantai ko Lageli bhook...
Epic Machayenge 4 line 😂",3,0,0.0,1.0,0.0,0.0,Neutral
@Jeenvi387,😍Thank You Everyone and Your Family for the love of God and this Country❤🙏💖,2,0,0.0,0.656,0.344,0.743,Positive
@heyshaikhnehal,1:43 Ye meme banega abh 😂 ( me to excited ho raha hu bhai full power 🌝 ) Like toko❤,28,0,0.0,0.741,0.259,0.5994,Positive
@armankhanvlogs786,Kya baat hai dono legend saat me ♥️💫,11,0,0.0,1.0,0.0,0.0,Neutral
@theartfulexplorer2053,I never had an idea that even a YouTube video is shot in such a professional setup... The hard work you guys did for this mast piece can be seen here .,3,0,0.049,0.951,0.0,-0.1027,Neutral
@seemachandel138,Ichhadhari purav jha😂😂❤,16,0,0.0,1.0,0.0,0.0,Neutral
@tusharjha3868,Machayenge 4 Male Version 🫂,2,0,0.0,1.0,0.0,0.0,Neutral
@Meethewoo927,Bantai Ko Lageli Bhook 😂😂,5,0,0.0,1.0,0.0,0.0,Neutral
@shyamsoni-vd2hn,"5:47 just like real dolly 😅❤
Respect for purav jha❤",29,0,0.0,0.588,0.412,0.6808,Positive
@Kashif_gaming,Mujhe bilkul bhi anubhav nhi tha ki..... Behind wala scene aayega 🙈,13,0,0.0,1.0,0.0,0.0,Neutral
@sbackreaction5446,Bantai ke public ❤carry❤bhai,1,0,0.0,1.0,0.0,0.0,Neutral
@shridayalyadav4492,Bantai ko lageli bhook but doli toh chaiye bechta hai,3,0,0.0,1.0,0.0,0.0,Neutral
@Enimen01,7:53 elvish yadav 😂😂😂,14,0,0.0,1.0,0.0,0.0,Neutral
@AjeetSoren-dc1ez,बहुत मेहनत करते हो भाई लोग😊आपके इस काम को सलाम है🙏😍,1,0,0.0,1.0,0.0,0.0,Neutral
@investment562,Carry Bhai kha makeup bahat badiya tha,1,0,0.0,1.0,0.0,0.0,Neutral
@atwalsaabji74,Bhaai dono kaa pyaar kheech layaa bas..🙈💝..🍻,7,0,0.0,1.0,0.0,0.0,Neutral
@petergomes-gx1wm,Asia kai one the most subscribed channel kaa shoot hai... Bada toh hoga hi.. 💯🔥🔥,4,0,0.146,0.854,0.0,-0.34,Negative
@XSHUBH1,PuravJha❌  Indian Speed✔️,4,0,0.0,1.0,0.0,0.0,Neutral
@ghostofdas,"Love you purav bhai..
You nailed it..bohut maja aya dekhke😂",2,0,0.0,0.682,0.318,0.6369,Positive
@Won_gaming69,5:40 funniest,54,1,0.0,0.217,0.783,0.5574,Positive
@Anil_kTR,Top par jayega ye YouTube me vo bhi India me ❤❤ lots of love ❤️❤️,3,0,0.0,0.684,0.316,0.7184,Positive
@chalisemilan,"this big set for  3 minute scene
hatss off brother 
loved it",3,0,0.0,0.719,0.281,0.5994,Positive
@brunothelabrador4970,Bantai ko lageli bhookh😂😂😂,2,0,0.0,1.0,0.0,0.0,Neutral
@Egyptian_pharaoh_sukuna_1000,"""One cup chai please""",50,6,0.0,0.566,0.434,0.3182,Positive
@deobhardwaj1828,9:07 best 😂,5,0,0.0,0.192,0.808,0.6369,Positive
@Editingmovie1,The best Collab of all time purva jha and carry bhai❤❤,0,0,0.0,0.704,0.296,0.6369,Positive
@stellastyless,Sir you are supperrr talented!!!💢🔥,4,0,0.0,1.0,0.0,0.0,Neutral
@bittuloveyou3,Best video in the YouTube ❤ best wishes and love from Nepal 🎉❤,4,0,0.0,0.36,0.64,0.9349,Positive
@amanrajshortsYT,Next level ka acting krte hain #Purav Bhai ❤👌👌👌,1,0,0.0,1.0,0.0,0.0,Neutral
@GURMEET30,2 legend ek sath.,1,0,0.0,1.0,0.0,0.0,Neutral
@Haryanvishorts0001,Carry x purav❤,5,0,0.0,1.0,0.0,0.0,Neutral
@navkaran.32bor97,Please like for purv and carry,13,0,0.0,0.455,0.545,0.5859,Positive
@ankurdubey8108,Purav bhai ne mehnat se apna time badla hai ❤,2,0,0.0,1.0,0.0,0.0,Neutral
@Mukesh_5x,Bantai Ko Lageli Bhookh 5:17,1,0,0.0,1.0,0.0,0.0,Neutral
@Mukesh_5x,"Pinkie Ko Kyu Toda 😅 <a href=""https://www.youtube.com/watch?v=S_DRe0qbUJk&amp;t=317"">5:17</a>",1,0,0.0,1.0,0.0,0.0,Neutral
@Mukesh_5x,"Emiway Bantai - M4 <a href=""https://www.youtube.com/watch?v=S_DRe0qbUJk&amp;t=317"">5:17</a>",1,0,0.0,1.0,0.0,0.0,Neutral
@bsdk_tmkc,4:59 😂😂❤❤,19,0,0.0,1.0,0.0,0.0,Neutral
@tusharthakur8297,4:39 thodi si uski fti rehti hai 🤣,4,0,0.0,1.0,0.0,0.0,Neutral
@PAYALDAWAR02,Bahut mast Purav sir ❤❤❤❤,1,0,0.0,1.0,0.0,0.0,Neutral
@kingcarryneeraj,"Maza agya , nice acting Purva bahi and #Carrybahi ki video dekh m apko Jana ❤❤😊😊",1,0,0.0,0.823,0.177,0.4215,Positive
@ft_hkhoney,Purav bhai + carry =comedy on fire,2,0,0.324,0.676,0.0,-0.34,Negative
@Mikestalk937,Purav bhai 4:51  look like carabian of pirets ka caption jack love from jinda londa,7,0,0.0,0.66,0.34,0.7717,Positive
@aakashagarwalagarwal2526,Purav and carry not falls entrainment 🧡🔥,1,0,0.0,1.0,0.0,0.0,Neutral
@ajaysharma8211,"Bhai apki manvswild Cid BEKar Laagi 
But Dolly Chaitali achi content thoda achi story Lao ❤❤❤",2,0,0.0,1.0,0.0,0.0,Neutral
@ajaysharma8211,Bhai apki manvswild Cid bear lagi <br>But Dolly Chaitali achi content thoda achi story Lao ❤❤❤❤,0,0,0.0,1.0,0.0,0.0,Neutral
@ego_freindliy0508,1:56 pe seedhe maut waale calm ki baat hori kya dolly bhai 😂,4,0,0.0,0.827,0.173,0.3182,Positive
@ShivamG07,Bhai aise hee parody banaya kro.😂😂,4,0,0.0,1.0,0.0,0.0,Neutral
@user-sh4gn4lp2z,Best Collab of 2024❤,1,0,0.0,0.417,0.583,0.6369,Positive
@Alok_chouhan,Machayenge 4 ❤,2,0,0.0,1.0,0.0,0.0,Neutral
@Alok_chouhan,Emiway bantai fans ❤,10,0,0.0,1.0,0.0,0.0,Neutral
@user-lb2kd6dy8m,Coco wala dialogue miss ker diya 5:41 main video m,4,0,0.167,0.833,0.0,-0.1531,Neutral
@dailyyoutube676,1:07 mujhe laga abb Rohit khatri roast hoga😂,3,0,0.0,1.0,0.0,0.0,Neutral
@quickmysteryunboxing,"Purav bhai sach bolna - aap bahaut serious the apne kaam ko leke mujhe to carry ki video dekh ke laga tha ki aap bahaut normal aur easy se kr rahe the lekin behind the scene bahaut nervous the, real hard work aaj pata chala apko bade creator ke saath kaam kr ke",0,0,0.086,0.862,0.052,0.0258,Positive
@NikhilChawriya-id6ie,Huge respect for Carry And Purav,1,0,0.0,0.426,0.574,0.6597,Positive
@killergamingyt769,8:48 life aise hii hai 😢😢😢,11,0,0.0,1.0,0.0,0.0,Neutral
@EntertainmentSector,"<a href=""https://www.youtube.com/watch?v=S_DRe0qbUJk&amp;t=255"">4:15</a> ye dekho yaha carry ke alag lavel ke kaam chal rahe hai  kon lagta uss mand buddhi ajaj khan ke mu",14,0,0.0,1.0,0.0,0.0,Neutral
@Manav0.78.,Machayenge 4 bhai bhi bkp yeh❤❤❤ek no.,2,0,0.306,0.694,0.0,-0.296,Negative
@mihirkachhawa5488,Carry bhai +billgates avatar = op😎😎😎,0,0,0.0,1.0,0.0,0.0,Neutral
@ShiviiiVlog,"Thankyou for 100 view ♥️ 110 kar doge kya..??😅 <a href=""https://www.youtube.com/watch?v=S_DRe0qbUJk&amp;t=19"">0:19</a>",20,0,0.0,1.0,0.0,0.0,Neutral
@PriyanshFacts1M,"<a href=""https://www.youtube.com/watch?v=S_DRe0qbUJk&amp;t=517"">8:37</a> yeh yahan kiya kar raha hai 😅",7,0,0.0,1.0,0.0,0.0,Neutral
@FuryBlade09,Well done brother keep it up.. apki video mast hoti hai ❤,0,0,0.0,0.826,0.174,0.2732,Positive
@DADA_KHURAFATI,"<a href=""https://www.youtube.com/watch?v=S_DRe0qbUJk&amp;t=410"">6:50</a> yaha pe purav bhai thode sa mortal jaisa behave kar rahe the😅",5,1,0.0,1.0,0.0,0.0,Neutral
@amitchoudhary5861,Purav bhai on fire,2,0,0.444,0.556,0.0,-0.34,Negative
@theuniquekunal1,Ek dam same to same dolly lag raho video me bhai ...i enjoyed it 😂😂😂❤❤❤❤❤,0,0,0.128,0.695,0.176,0.2263,Positive
@babulusahu5701,Yaar aap Kam production mai in se jyada accurate content nikal lete ho . Salute hai bhai,1,0,0.0,1.0,0.0,0.0,Neutral
@user-et2ux7os4s,Bhajan video dekhkar maja a Gaya😂😂😂😂😂,3,0,0.0,1.0,0.0,0.0,Neutral
@ms.dhulekar9628,Purav &amp; Shivam 😂,3,0,0.0,1.0,0.0,0.0,Neutral
@SEMJEN_yt,Carry ne bhai ki kismat badaldi ❤,0,0,0.0,1.0,0.0,0.0,Neutral
@money3707,Carry ka shooting set-up is next level,0,0,0.0,1.0,0.0,0.0,Neutral
@Rahulrvhl-xn7wj,Carry Bhai jindabaad 👑,3,0,0.0,1.0,0.0,0.0,Neutral
@Jainilnagar-wu8wg,"<a href=""https://www.youtube.com/watch?v=S_DRe0qbUJk&amp;t=325"">5:25</a> Kya hi acting kara carry..😂😂 <br>Beat parody purav x carry❤❤",4,0,0.0,1.0,0.0,0.0,Neutral
@AnishRana-xt2do,2024 is full of unexpected collaboration 😂❤,1,0,0.0,1.0,0.0,0.0,Neutral
@Positive-thinker.07,Aaaaab vai k bada log hone ka time aaageya❤,0,0,0.0,1.0,0.0,0.0,Neutral
@pavanbedare6557,Bhai maja agaya....,3,0,0.0,1.0,0.0,0.0,Neutral
@aniketdhurve1384,Bhot maza aaaya😅😇,3,0,0.0,1.0,0.0,0.0,Neutral
@mrfactphilic2377,Bantaaiiiii 💟 King Of Indian Hip-Hop 🔥✨❤,1,0,0.0,1.0,0.0,0.0,Neutral
@richierich-2,inke makeup artish ko salam 😂😂😂😂👌👌,1,0,0.0,1.0,0.0,0.0,Neutral
@haveagooday3,"<a href=""https://www.youtube.com/watch?v=S_DRe0qbUJk&amp;t=190"">3:10</a> Marilyn Monroe pictures on the wall &lt;3!",2,0,0.0,1.0,0.0,0.0,Neutral
@The_truthtales,"<a href=""https://www.youtube.com/watch?v=S_DRe0qbUJk&amp;t=1"">0:01</a> 😂😂😂",7,0,0.0,1.0,0.0,0.0,Neutral
@atozstatusvideo1519,Harsh beniwal and you are fantastic ❤,0,0,0.276,0.381,0.343,0.1779,Positive
@ThisisAlfaiz786,KILLLLLLLED IT 🔥 YOUR VIBE IS AMAZING ❤️,0,0,0.0,0.57,0.43,0.6739,Positive
@smurfz202,Thank you for 10k likes❤,4,0,0.0,0.615,0.385,0.3612,Positive
@shubhamjoshivlogs1245,Choko lega ....hm....😂😂😂😂,3,0,0.0,1.0,0.0,0.0,Neutral
@steve_peggy,"<a href=""https://www.youtube.com/watch?v=S_DRe0qbUJk&amp;t=126"">02:06</a> haters se pehle hi bol diya😂😂",2,0,0.314,0.686,0.0,-0.4939,Negative
@Evilseye666,Really hardworking Purav jha❤❤❤❤❤❤❤,0,0,0.0,0.897,0.103,0.4588,Positive
@Evilseye666,And really Acting means Purav jha❤❤❤❤❤❤,0,0,0.0,0.897,0.103,0.4588,Positive
@Evilseye666,Manna parega Etna kaam krne ke bass bhi he was smiling matlb face pr Thora sa bhi nhi dikhaya kisi ko ki Purav kitna thaake hua haai❤❤❤❤❤,0,0,0.0,0.897,0.103,0.4588,Positive
@mihirparmar2332,Bantai ko lageli bhook......... 🗿only legends can remember this line,4,0,0.0,1.0,0.0,0.0,Neutral
@royalboyirfankhan3091,BKP Attendance Lagaoo Jaldii Se💀💀,4,0,0.0,1.0,0.0,0.0,Neutral
@mixingpoint9144,"Bahut acha laga bhai dekh ke, bhagwan kare khoob tarakki karo, <br>Love you brother ❤",0,0,0.0,1.0,0.0,0.0,Neutral
@shailendralama9367,Itna maza aaya bhai dono ko saath dekhke😮 bahut hasa bhai😂😂😂,0,0,0.0,1.0,0.0,0.0,Neutral
@mysteriousman4980,"Oo bhai sahab carry bhai ka itna bada production hai wo bhi <a href=""https://www.youtube.com/watch?v=S_DRe0qbUJk&amp;t=90"">1:30</a> min ke scene ke liye 😮",8,0,0.179,0.821,0.0,-0.34,Negative
@mysteriousman4980,Real dolly se bhi jyada real lag rahe the purav bhai 😂❤,1,0,0.179,0.821,0.0,-0.34,Negative
@Jitesh_Bishi,Purav dolly &gt; carry dolly 😅,2,0,0.0,1.0,0.0,0.0,Neutral
@guardiangamingff,Vote for Purav doing carry and carry doing Purav🙏💪❤😅,1,0,0.0,1.0,0.0,0.0,Neutral
@hks6658,Carry and his hard work and your hardwork 🙌,0,0,0.167,0.833,0.0,-0.1027,Neutral
@sahanisandeep8527,RAP KA DEEPAK kakal😂,3,0,0.0,1.0,0.0,0.0,Neutral
@akuma2022,Maaza aaya.,3,0,0.0,1.0,0.0,0.0,Neutral
@ParthSrivastava-sd2zy,Damn! I never knew that even youtube videos required so much precision and setup.,1,0,0.2,0.8,0.0,-0.4574,Negative
@sncreation4176,Carryminati+purav jha =💥🔥,0,0,0.0,1.0,0.0,0.0,Neutral
@HarshKumar-mb3fh,Garammm heeiiii garaaaamm heiiiiii garaaamm heeiiii chaiii niii teriii maaallll garaaamm heeiiii 😅😂😂😂😂😂,3,0,0.0,1.0,0.0,0.0,Neutral
@samarth7418,"<a href=""https://www.youtube.com/watch?v=S_DRe0qbUJk&amp;t=143"">2:23</a> i have the same shirt",3,1,0.0,1.0,0.0,0.0,Neutral
@MakvaArhan,Bantai ko lageli bhukh..🔥,1,0,0.0,1.0,0.0,0.0,Neutral
@prabhanjanpadhan2039,Both nailed it ❤🎉,0,0,0.0,1.0,0.0,0.0,Neutral
@NikkuBoss-uf1iy,Kon kon ye video Aaj kekh Raha he 😂,18,7,0.0,1.0,0.0,0.0,Neutral
@mohdmuzamil2239,Only for bantai ❤,2,0,0.0,1.0,0.0,0.0,Neutral
@abdulrekeeb8838,We want more collab with carry,1,0,0.0,0.794,0.206,0.0772,Positive
@PrasadPhuse,"Tum sath me nangee sote ho 🥲 <a href=""https://www.youtube.com/watch?v=S_DRe0qbUJk&amp;t=40"">0:40</a>",5,0,0.0,1.0,0.0,0.0,Neutral
@haroonmehmood990,Maza aya gaya video dekh kar bill gates aur dolly wala part bhot he acha tha,0,0,0.0,1.0,0.0,0.0,Neutral
@bindas_shorts70,Jaldi jaldi comment kar leta Hun bahut like milega😂,977,44,0.0,0.762,0.238,0.3612,Positive
@rimidey2819,Kya acting kiya yrrr ❤❤ just fatafati 😂😂😂❤❤❤❤,0,0,0.0,1.0,0.0,0.0,Neutral
@MaskboyKamran,Both are my favorite 🥰,0,0,0.0,0.5,0.5,0.4588,Positive
@KarishmaSaini-tt3di,Har har Mahadev 🙏 😘 🤗.Lovekesh Kataria only winner 🏆🥇 Big Boss ott s 3 😊❤❤,1,0,0.0,0.743,0.257,0.5859,Positive
@deepxvibe,Bantaiii ko lageli bhuk 🔥🔥,1,0,0.0,1.0,0.0,0.0,Neutral
@deepxvibe,Machayenge 4 male version ke liyee aaya hoon yaha 😂🔥,1,0,0.0,1.0,0.0,0.0,Neutral
@userhunter-321,Vai Carry vai K orse apko vi bahut sara love from Kathmandu Nepal 🥰❤  always support ❤,0,0,0.0,0.653,0.347,0.7845,Positive
@SmartReviews3339,Carry - wolverine<br>Purav - Deadpool,1,0,0.0,1.0,0.0,0.0,Neutral
@Ishannn.x0,Purav + carry = New legacy ❤,0,0,0.0,1.0,0.0,0.0,Neutral
@swweety909,unexpected colleb 😂😂😂,8,0,0.0,1.0,0.0,0.0,Neutral
@rahul-hk1qn,Big fan bhai ❤️🥂 love you from West Bengal ❤️,0,0,0.0,0.552,0.448,0.7579,Positive
@msdeep0789,Kya video thaa bhai ❤️ mja aya ❤,0,0,0.0,1.0,0.0,0.0,Neutral
@wcencee,love from carry _ gulabi dil,1,0,0.0,0.488,0.512,0.6369,Positive
@AnishSarkar-c1e,workout jaruri ha daily karo word daily makes me feel astonished❤❤❤❤,0,0,0.0,0.806,0.194,0.34,Positive
@BroForBoysOnly,2 ai legend in one frame <br>2 most favourite youtubers,0,0,0.0,1.0,0.0,0.0,Neutral
@Simran-kaur58,Wt a energy you hold dude,1,0,0.0,0.656,0.344,0.2732,Positive
@harsh9469,Next level Collaboration Purav 😊😊,0,0,0.0,1.0,0.0,0.0,Neutral
@mukesh_99811,"<a href=""https://www.youtube.com/watch?v=S_DRe0qbUJk&amp;t=137"">2:17</a> 😂 yh sahi tha",2,0,0.0,1.0,0.0,0.0,Neutral
@Mahadevkabhakt748,You guys done great job😘,0,0,0.0,0.494,0.506,0.6249,Positive
@highfidramafacts,Congratulations ❤❤❤❤,0,0,0.0,0.204,0.796,0.5994,Positive
@ankitkhajuria6999,"Pradhan mantri ne diya Purav Jha  ko इच्छाधारी नाग  hone ka award 😁😁🤣🤣🤣🤣😂 love you Purav bhai ,from Jammu",0,0,0.0,0.688,0.312,0.8271,Positive
@AnkitRobot,The Super Extraordinary Video I have ever seen. 😎.<br>This Video story is just perfect. 🥰.<br>I Can&#39;t explain how good this video is.<br>Just watch it Yourself.,0,0,0.0,0.667,0.333,0.8885,Positive
@aryanprajapat4465,2024 is full of unexpected colabes 😂😅,1,0,0.0,1.0,0.0,0.0,Neutral
@RomisGaming790,"Carry fan❤❤❤Asli talent😅 <a href=""https://www.youtube.com/watch?v=S_DRe0qbUJk&amp;t=7"">0:07</a>",0,0,0.0,1.0,0.0,0.0,Neutral
@foodiealok,Wahhhh kya baat hai maja aa gya bhai 😂,0,0,0.0,1.0,0.0,0.0,Neutral
@rahulfule9795,From Nagpur love u brother 🎉 wah kya acting hai ❤,0,0,0.0,0.625,0.375,0.6369,Positive
@Neeteshchauhan09,Teri toh Nikal pade  oho carry bhai ke sath video shoot 😊❤❤love u bhai,0,0,0.167,0.833,0.0,-0.34,Negative
@pankajvishwakarma405,Seriously carry and purav&#39;s acting is better ❤ than Bollywood actors,0,0,0.135,0.635,0.23,0.296,Positive
@KabirsRebelRise-kh8rq,AWSOME WORK bhai,0,0,0.0,1.0,0.0,0.0,Neutral
@abhishekcricket1999,Respect purav end me carry bahi ki feet touch kiya he knows carry is og ❤😊,0,0,0.0,0.829,0.171,0.4767,Positive
@saurabhsahu331,Shivam bhai ne sahi bola ki vlog bna le paise a jyenge😂😂 more than 1milli viwes😮,1,0,0.0,1.0,0.0,0.0,Neutral
@KarmaXinrin,Thanks for working hard bro ! Been watching that part every day,0,0,0.0,1.0,0.0,0.0,Neutral
@KarmaXinrin,Carry makeup and acting too real😂,0,0,0.0,1.0,0.0,0.0,Neutral
@VanshikaPaliwal-iu6dm,What a mature guy !!!!!<br>AI se bhi badhkar acting Karta hai fir bhi Kah Raha hai&quot; kuchh naya sikhane ko milega yahan per&quot;. 👍<br>Hamesha sikhate rehne ko promote kar raha hai nahin to kah sakta tha ki mere ko sikhane ki kya jarurat hai 🙄<br>By the way bhaiya big fann 💗😊,0,0,0.0,0.88,0.12,0.7627,Positive
@kraxxy9521,Bhai bohut bohut Funny tha video aise hi sath mai Kam Karo ❤❤❤❤❤❤❤❤,0,0,0.0,0.805,0.195,0.4404,Positive
@_hardy_5836,Now l realised &quot; why carry said sare paise shoot pe jate hai &quot; 😂,2,0,0.167,0.833,0.0,-0.34,Negative
@himangshuyt667,😂😂😂vai maja aaa gyaa 😂,2,0,0.0,1.0,0.0,0.0,Neutral
@Sahebplayz,Purav bhai purav bhai ap toh ai ho ai 😅,1,0,0.0,1.0,0.0,0.0,Neutral
@NKAnkergaming2005,Garom hai garom hai my fav seen 😅😅,0,0,0.0,0.7,0.3,0.4588,Positive
@joddd524,TRENDING #1 for a reason❤ LOVELY CONTENT BOYS,0,0,0.0,0.57,0.43,0.6739,Positive
@umaedshark,"Bhai yaar purav toh off character b badiya admi hy, ajj pta chala. God bless.",0,0,0.0,0.71,0.29,0.5994,Positive
@yuvrajdhakkad,Meri jaan maja aa gaya video dekh ke❤,1,0,0.0,1.0,0.0,0.0,Neutral
@vikaskumarbangera,"<a href=""https://www.youtube.com/watch?v=S_DRe0qbUJk&amp;t=390"">6:30</a> Purav bhai carry bhai production house ki quality ka dhaga khol diya 😂😂😂",0,0,0.0,1.0,0.0,0.0,Neutral
@rishabhpandey373,Bhai teri life mast chal rahi hai yaar ❤❤❤,0,0,0.0,1.0,0.0,0.0,Neutral
@VikasVeerGurjar77,Carry 💀🔥,1,0,0.0,1.0,0.0,0.0,Neutral
@saifaly3558,purav jha real actor,0,0,0.0,1.0,0.0,0.0,Neutral
@Kilvis001,Literally guys you working hard,0,0,0.259,0.741,0.0,-0.1027,Neutral
@Kumarsahulyourbrother,Carry &amp; purav is professional in roasting 😅😅😅,0,0,0.0,1.0,0.0,0.0,Neutral
@Gnbhaivlog,Bantai Ko lageli bhook 😊,2,0,0.0,1.0,0.0,0.0,Neutral
@Gauri_solovlogs,YOU ARE LUCKY YOU GOT CARRY 🎉🎉🎉🎉🎉🎉🎉🎉🎉🎉🎉,0,0,0.0,0.629,0.371,0.5473,Positive
@Saroj9863,Bantai ko lageli bhookh 💀🔥,1,0,0.0,1.0,0.0,0.0,Neutral
@vijayjangid7808,OMG.2 minutes ke seen ke liya itna practice 👌,0,0,0.0,1.0,0.0,0.0,Neutral
@ujwalnepal6066,Carryminati ❤,1,0,0.0,1.0,0.0,0.0,Neutral
@thakuraryapundir3626,Blockbuster bhai,0,0,0.0,0.204,0.796,0.5994,Positive
@06anjalibisht73,You are the best 🤣🤣far better than dolly himself 🤣,0,0,0.0,0.496,0.504,0.7964,Positive
@Deepak_dhakar__,Carry+ purav = New Era ❤,0,0,0.0,1.0,0.0,0.0,Neutral
@rajurajput5863,Purav bhai the boys me apka kaam dekh kar maza aa gya 😂😂😂,0,0,0.0,1.0,0.0,0.0,Neutral
@shortvide136,Bro&#39;s energy is on another level,0,0,0.0,0.704,0.296,0.2732,Positive
@bharathkamath8147,Purav bhai desi speed ki tarah bartav kar rhe hey❤😂,0,0,0.0,1.0,0.0,0.0,Neutral
@aspirant2833,Purav + carry = 😂 maza agayaaa,0,0,0.0,1.0,0.0,0.0,Neutral
@JACK_TRX,Mja aagya bhai ❤❤,0,0,0.0,1.0,0.0,0.0,Neutral
@abitu446,"love from bantai  ki public so much love to all ur content <a href=""UCkszU2WH9gy1mb0dV-11UJg/KsIfY6LzFoLM6AKanYDQAg""></a><a href=""UCkszU2WH9gy1mb0dV-11UJg/KsIfY6LzFoLM6AKanYDQAg""></a><a href=""UCkszU2WH9gy1mb0dV-11UJg/G8AfY6yWGuKuhL0PlbiA2AE""></a>",0,0,0.0,0.625,0.375,0.8555,Positive
@sciencefunlab3789,Acting kadak kiya he dolly ki,0,0,0.0,1.0,0.0,0.0,Neutral
@soljarraj45,Bantai ❤,1,0,0.0,1.0,0.0,0.0,Neutral
@WizzlyD3ath,Love form nepal keep going on ❤,0,0,0.0,0.543,0.457,0.6369,Positive
@chaitanyapawar693,Mehnat hai bhai .....🔥🔥🔥,0,0,0.0,1.0,0.0,0.0,Neutral
@KCSweetLoveStory,Very beautiful acting,0,0,0.0,0.323,0.677,0.6361,Positive
@gaurangsolanki667,Great work ❤🔥👏🏻👏🏻 <br>Same to same ❤,0,0,0.0,0.549,0.451,0.6249,Positive
@kanhap.433,Bantai ko lageli bhook 💀🔥⏫🕳️,2,0,0.0,1.0,0.0,0.0,Neutral
@bharghavatri9487,Purav is real life character of choco,1,0,0.0,1.0,0.0,0.0,Neutral
@MasTer.0711,Brilliant work 👍,1,0,0.0,0.208,0.792,0.5859,Positive
@nitinvimal6402,Bhai ye banda jo hai shorts or purple T-shirt mai ......isne apne college time par play kiya tha &quot;Outer City&quot;....bhai bhot sahi play tha.......tabse is bande ka fan hun mai,0,0,0.0,0.792,0.208,0.7269,Positive
@salilkabiraa,"Hamara Wala Haraami <a href=""http://www.youtube.com/results?search_query=%23dolly"">#Dolly</a> Tha was epic",1,0,0.0,1.0,0.0,0.0,Neutral
@vipulsalvi17,❤❤,1,0,0.0,1.0,0.0,0.0,Neutral
@metsingutsido2120,Kam ase karo ki sab log likes n support kareh jaise ki purav n carry. 😎,0,0,0.0,0.667,0.333,0.6705,Positive
@a_l_f_a_j2617,Bantai ko lagerahi bhook 😹💀😵‍💫,1,0,0.0,1.0,0.0,0.0,Neutral
@Sallu7321,Bade logo ki bade bade harkat 😊,0,0,0.0,1.0,0.0,0.0,Neutral
@-SAMBHAB-7169,"<a href=""https://www.youtube.com/watch?v=S_DRe0qbUJk&amp;t=329"">5:29</a>  achha isliye Microsoft ka server down thaa😮",2,0,0.0,1.0,0.0,0.0,Neutral
@vru_diki1024,Advance congratulations for 100k sub,0,0,0.0,0.506,0.494,0.5994,Positive
@studywitharpitgupta,purav jha will be next srk of bollywood soon,0,0,0.0,1.0,0.0,0.0,Neutral
@OkatuLegends,bhi kya surprise the this is the biggest collab.,0,0,0.0,0.792,0.208,0.2732,Positive
@MrinalDoley-uq4by,I click the video because of carry bhai 🙂🙂🙂,0,0,0.0,1.0,0.0,0.0,Neutral
@BRIJ_11,Like 4 ichadhari naag🐛.....&lt;❤🎀,2,0,0.0,0.444,0.556,0.3612,Positive
@user-ht4jg5jl5e,Op❤❤❤,1,0,0.0,1.0,0.0,0.0,Neutral
@meenajoshi4020,Full support to u bro❤,0,0,0.0,0.526,0.474,0.4019,Positive
@mohammadzaid5246,Bhai tu Capton Jacks parrow ka role ker maza aa jayega😂😂,1,0,0.0,1.0,0.0,0.0,Neutral
@Overall22,When he call himself &quot;g@ndu creator&quot; I was in tears...no bro you are the best in your own way and no one could ever be like you ❤😭,0,0,0.067,0.729,0.204,0.6705,Positive
@sifcogaming_official,😂😂 carry bhai,1,0,0.0,1.0,0.0,0.0,Neutral
@user-zx3ef9uk3c,Congratulations ❤,0,0,0.0,0.0,1.0,0.5994,Positive
@Assassin27153,Nice Bro Keep Growing ❤,0,0,0.0,0.308,0.692,0.5423,Positive
@Amarfootballyt,Makeup man is 🔥🔥🔥,0,0,0.0,1.0,0.0,0.0,Neutral
@insanepothead0001,Are frenchie bhai aap india kab aae?? (The Boys) 😂😂,0,0,0.0,1.0,0.0,0.0,Neutral
@YADAVJI98690,😂😂love u bro banco😂😂,1,0,0.0,1.0,0.0,0.0,Neutral
@omegalcontents8867,Carry x Purav 🔥🔥🔥,0,0,0.0,1.0,0.0,0.0,Neutral
@_cigrxtte_n_gunz65,BANARAS UNDERGROUND HIP-HOP RESPECT,1,0,0.0,0.492,0.508,0.4767,Positive
@AkashKumar-nj4db,Ek din tumhara isse bhi bda Production house hoga❤,0,0,0.0,1.0,0.0,0.0,Neutral
@Sinutiwari2526,❤❤ keep growing bro ❤,0,0,0.0,0.638,0.362,0.1779,Positive
@Preamx,Bkp khatarnak 💀✅,1,0,0.0,1.0,0.0,0.0,Neutral
@I_MOGAL_KRUPA_439,On Top 1 Video ❤,0,0,0.0,0.526,0.474,0.2023,Positive
@SUREN_999,Bantai wala mast tha😂,0,0,0.0,1.0,0.0,0.0,Neutral
@meghapandey88,Deepak bhaiya - burger khayega😂,0,0,0.0,1.0,0.0,0.0,Neutral
@user-hy8cd9pg1q,Tgda kharcha krta h carry bhai 😂,1,0,0.0,1.0,0.0,0.0,Neutral
@uddude,Bhai Carry Ki Video 50M Fadegi... Bohot Sahi Time... Vadapav Girl Or Ye Dolly bhai .... Carry Ki soch Or Timing 🎯,0,0,0.0,1.0,0.0,0.0,Neutral
@thepsycho08,Bantai ko lsgrki bhook 😂❤,1,0,0.0,1.0,0.0,0.0,Neutral
@azixx1230,Bantai ko lageli bhook😂,2,0,0.0,1.0,0.0,0.0,Neutral
@Vivek_Nath09,Machayenge bantai ko lagi li bhook,1,0,0.0,1.0,0.0,0.0,Neutral
@soorajprajapati2609,Hacker hai bhai❤,0,0,0.0,1.0,0.0,0.0,Neutral
@Selms_beats,We need more part with carry 🙏,0,0,0.0,1.0,0.0,0.0,Neutral
@shorabxLover,Time kitna bhi laga par video nahi masterpiece bna hai 👍,0,0,0.0,0.687,0.313,0.6249,Positive
@PrakashHembram-vz5uh,Your video &lt;&lt;&lt;&lt;&lt;&lt;&lt; Bollywood 😂❤,0,0,0.0,1.0,0.0,0.0,Neutral
@Dhrumil_0726,I am  fan of you but aaj vlog ki starting me esa laga jese arush bhola ki tarah vlog kar rahe ho😂😂,0,0,0.0,0.924,0.076,0.1655,Positive
@thestressbuster2654,But you did amazing work 🎉🎉,0,0,0.0,0.568,0.432,0.5859,Positive
@blowmindlink3894,Purav bhai 5 baar air try karoge toh hojayenga😂😂,0,0,0.0,1.0,0.0,0.0,Neutral
@shivanshusingh5068,Maza agya bhai or aao carry ke video me,0,0,0.0,1.0,0.0,0.0,Neutral
@m.s.nirmal9529,We want same video video on <br><br>Elvish and druv rathee,0,0,0.0,0.874,0.126,0.0772,Positive
@satviksinghrajawat9158,Purav bhai aap Sach mai ase hi shoot kar dete ho yeh alg kaam he😂😂,0,0,0.146,0.854,0.0,-0.34,Negative
@EmiwayBantai_FC,Only legends remember &quot; Bantai ko lageli bhuk &quot; 💀,0,0,0.0,1.0,0.0,0.0,Neutral
@meet_0378,Rom Rom Bhaiyo 🙏,2,0,0.0,1.0,0.0,0.0,Neutral
@npcoreff7574,Op bhai 😂❤,0,0,0.0,1.0,0.0,0.0,Neutral
@DCxJINXGaming,That&#39;s why he&#39;s&quot;  AI &quot;,1,0,0.0,1.0,0.0,0.0,Neutral
@mitalihaloi7940,Choco is epic😂,1,0,0.0,1.0,0.0,0.0,Neutral
@user-hf9fk2dc2h,Bantai ko lageli bhookh 😂😂😂😂,1,0,0.0,1.0,0.0,0.0,Neutral
@sunitanaik8056,Bhai ke jitne subscriber hai usse jyada toh unke is video mein like mili hai,0,0,0.0,0.848,0.152,0.3612,Positive
@TEAMKILLER374,love you bro😊🎉❤,0,0,0.0,0.323,0.677,0.6369,Positive
@keiii999,Superb ❤,0,0,0.0,0.0,1.0,0.6249,Positive
@RameshwarLongani,Mast❤,0,0,0.0,1.0,0.0,0.0,Neutral
@shivanshmishra7324,Bhai apka kaam badhiya hai😂,1,0,0.0,1.0,0.0,0.0,Neutral
@vivekdendor007,Gajab h bhai,0,0,0.0,0.263,0.737,0.4215,Positive
@vivekdendor007,Supar bhai,0,0,0.0,0.263,0.737,0.4215,Positive
@vivekdendor007,Nice bhai,0,0,0.0,0.263,0.737,0.4215,Positive
@Suryadivyansh,Purav dheere dheere SPEED bnta ja rha haii,0,0,0.0,1.0,0.0,0.0,Neutral
@Travelling_clock,Garam heyy garam heyy⛈️,0,0,0.0,1.0,0.0,0.0,Neutral
@ark_use,Carrryminati X Purav Jha ....,0,0,0.0,1.0,0.0,0.0,Neutral
@ARTIFY_12,Make Mirzapur parody,2,0,0.0,1.0,0.0,0.0,Neutral
@swpnxl,Ha bhai samjh gaya business class,0,0,0.0,0.676,0.324,0.34,Positive
@rijankc2102,Back to Puraverse,0,0,0.0,1.0,0.0,0.0,Neutral
@myselfmika2004,Purv acting ❤,0,0,0.0,1.0,0.0,0.0,Neutral
@user-xy3ef7sm1m,भाई गजब 👌👌,0,0,0.0,1.0,0.0,0.0,Neutral
@OneLordz,Mast 😂,1,0,0.0,1.0,0.0,0.0,Neutral
@selfchenger4053,Wow ❤,0,0,0.0,0.0,1.0,0.5859,Positive
@RadhaYadav-pe1zj,We need Purav as Jack sparrow❤,0,0,0.0,1.0,0.0,0.0,Neutral
@devanshvashisth6986,I THINK THAT PURAV JHA FITS BEST IN KANCHANA MOVIE.,0,0,0.0,0.656,0.344,0.6369,Positive
@sunshineofficial4880,Bhai best video hai ❤❤❤,0,0,0.0,0.488,0.512,0.6369,Positive
@saurav_patel193,Carrybhai ❤❤❤,0,0,0.0,1.0,0.0,0.0,Neutral
@Vlogwithdaibak,Love you bhai . ❤❤,0,0,0.0,0.417,0.583,0.6369,Positive
@sudhanshubinod6048,Really enjoying this vlog,0,0,0.0,0.448,0.552,0.5709,Positive
@kamalks392,Bhai no problem acche se video bnao or aur nind Puri karo 🤗,0,0,0.329,0.671,0.0,-0.5994,Negative
@vikashhabibpurytking,❤️,0,0,0.0,1.0,0.0,0.0,Neutral
@raghavkashyap35,Carry bhai Microsoft ka sochkr shoot krre thy 🙂,0,0,0.255,0.745,0.0,-0.34,Negative
@harry5t,Bantai ko lagli bhook 😂,1,0,0.0,1.0,0.0,0.0,Neutral
@bhimraj9941,Raku da ka parody chaiye 😂,0,0,0.0,1.0,0.0,0.0,Neutral
@yon6102,Dolly chai walla upgraded version..,0,0,0.0,1.0,0.0,0.0,Neutral
@ankitdutta7648,Bada chikna lag rha hai purav 😁💗,0,0,0.286,0.714,0.0,-0.34,Negative
@fardeensayyedvlogs786,Bhai se milna hai ek din ❤,0,0,0.0,1.0,0.0,0.0,Neutral
@A67SH,Dubai 😅😅😂❤,1,0,0.0,1.0,0.0,0.0,Neutral
@snowfall_ff,❤,1,0,0.0,0.0,0.0,0.0,Neutral
@SHANUXR,Carry is Live ❤,0,0,0.0,1.0,0.0,0.0,Neutral
@1papaquraishi,Wah bhai love react to kilo ke bhao me bat rha hai 😂😂😂❤,0,0,0.0,0.741,0.259,0.6369,Positive
@Madara8800here,Carry s bhi mil liya bhai apna,0,0,0.0,1.0,0.0,0.0,Neutral
@mrraj9058,Make up  looked soo real that I thought they called real dolly on set😂,1,0,0.0,1.0,0.0,0.0,Neutral
@ChavdaAhir_9194,"Bhai aap ki video banane ki speed sahi he, jitna accha karne jate he utna bigadta he",0,0,0.0,1.0,0.0,0.0,Neutral
@memesbyshots7027,Purav bhai dolly ke sath collab karo😂,2,0,0.0,1.0,0.0,0.0,Neutral
@ameyamahajan479,JUST IMAGINE FOR 5 MINUTES LE LIYE ITNA ..TEAM KARACHA BOHOT HI LAG JATA HA,0,0,0.143,0.714,0.143,0.0,Neutral
@mehfooz_rathore,Only purav and bantai good in mimicry 😂😂,0,0,0.0,0.707,0.293,0.4404,Positive
@ABpnewsanchor0.2,Super bro aap ka har video dekh ta hu,0,0,0.0,0.672,0.328,0.5994,Positive
@YouTube_global,Even YouTube have big sets,1,0,0.0,1.0,0.0,0.0,Neutral
@anushkabirla7678,Love you carry ❤️❤️❤️❤️❤️,0,0,0.0,0.417,0.583,0.6369,Positive
@Inderjeetsinghhph,Franchie from the boys,0,0,0.0,1.0,0.0,0.0,Neutral
@WhoamI-jf2ed,Nice couple,0,0,0.0,0.263,0.737,0.4215,Positive
@JasimYatoo,AI❌<br>Purnav &amp; carey✅,1,0,0.0,1.0,0.0,0.0,Neutral
@Its-Krisha0709,"Literally bruh i was confused ki real chai wala, fake until i see this.Another level 🔥 Waiting for another 💥..! you nailed it ✨🤟&amp; your hard work .keep going ❤️.",2,2,0.228,0.772,0.0,-0.7263,Negative
@amaansings7860,Ah yeah 💯,0,0,0.0,0.312,0.688,0.296,Positive
@gopal_1432,Nice video bhai😍,0,0,0.0,0.417,0.583,0.4215,Positive
@RakhiBhabhi-th8dt,Bhai ❤,0,0,0.0,1.0,0.0,0.0,Neutral
@mr.tirkey6993,Bhai jack sparrow  parody bna ❤ luv uh bro,0,0,0.0,1.0,0.0,0.0,Neutral
@SunitaRana-qf3kc,❤❤❤,1,0,0.0,1.0,0.0,0.0,Neutral
@user-on4je9cc9p,Bhai The Boys ka parody banao. U looking a lot like Frenchie.,0,0,0.0,0.783,0.217,0.3612,Positive
@shubhammutha6285,❤❤❤❤,1,0,0.0,1.0,0.0,0.0,Neutral
@ishfaqkhaliq8729,Bro is getting famous,0,0,0.0,1.0,0.0,0.0,Neutral
@YOGIBOLTAHAI-i8f,Sahi khel gye,0,0,0.0,1.0,0.0,0.0,Neutral
@AshishVasavaArts,"<a href=""https://www.youtube.com/watch?v=S_DRe0qbUJk&amp;t=345"">5:45</a> asli laga, same 2 same",0,0,0.0,1.0,0.0,0.0,Neutral
@space_trajectory7,Peak male performance 🗿,1,0,0.0,1.0,0.0,0.0,Neutral
@motivationquotes8061,when i saw i knew it&#39;s you with carry 😅😅😅😅😅,0,0,0.0,1.0,0.0,0.0,Neutral
@bhaskarjoshi3866,Chusega .... Was epic 😅😅,0,0,0.0,1.0,0.0,0.0,Neutral
@Rap-in8ug,Bantai ❤❤,1,0,0.0,1.0,0.0,0.0,Neutral
@aakashh45,Carry bhai ne sahi bande ko liya 🗿,0,0,0.0,1.0,0.0,0.0,Neutral
@ayushnivate9018,Bhai woh lounge mai mila tha ladka yaad hai naa....😂 Airport wala video jaldi aana chahiye bhai,0,0,0.0,1.0,0.0,0.0,Neutral
@thestream6,Next carry minati in india ❤,0,0,0.0,1.0,0.0,0.0,Neutral
@bossark2067,Bhaii carry bhaii aagle vlog rost video main le le ga vloger mat bano 😂 just kidding,1,0,0.0,0.915,0.085,0.1027,Positive
@vaibhavmishra3679,&quot; Chusega &quot; was best 😂👍🏻,0,0,0.0,0.543,0.457,0.6369,Positive
@BAND841,Part 2 please,0,0,0.0,0.303,0.697,0.3182,Positive
@dasakash-08,Bhai appka part mast tha,0,0,0.0,1.0,0.0,0.0,Neutral
@gamitnikunj,Bhai mojj kr di😂😂😂,0,0,0.0,1.0,0.0,0.0,Neutral
@Shailesh18Sukte,purav bhai next Captain Jack Sparrow please 😂😂😂,0,0,0.0,0.753,0.247,0.3182,Positive
@ranijha9163,We Jha&#39;s. Bihar 💣,0,0,0.0,1.0,0.0,0.0,Neutral
@Fault_sahil,"Emiway x purav next parody,🔥",2,0,0.0,1.0,0.0,0.0,Neutral
@girishgangurde,"Purav Bhai , ek baar &quot;Pirates of the Caribbean&quot; kaa bhi banaoo bhai sahi banega...😂✌",0,0,0.0,1.0,0.0,0.0,Neutral
@Mrmee114,From Assam ❤😊,0,0,0.0,1.0,0.0,0.0,Neutral
@Neeru22,🎉🎉🎉,0,0,0.0,1.0,0.0,0.0,Neutral
@ayushthaku.r,Love from Darbhanga purav bhaiya! Noida mai meet up rakhye:),0,0,0.0,0.667,0.333,0.6696,Positive
@tapumohanta6555,Bhai please make a video on captain Jack sparrow,0,0,0.0,0.753,0.247,0.3182,Positive
@Satyamsinghdavid,Durgesh nai pe bna de bhaii😂😂😂,0,0,0.0,1.0,0.0,0.0,Neutral
@Haq_se_bkp,Bantai  ko lageli bhookh 🥵,0,0,0.0,1.0,0.0,0.0,Neutral
@hmmhimangshu5843,Garam hain garam hain .....,0,0,0.0,1.0,0.0,0.0,Neutral
@Chop318,King of Acting,0,0,0.0,1.0,0.0,0.0,Neutral
@adityaaman.20,Ek video banane me itna mehnat 😮,0,0,0.0,1.0,0.0,0.0,Neutral
@mdamanullah3292,Kon se studio me shoot kiye ho aap ?,0,0,0.255,0.745,0.0,-0.34,Negative
@jvsentertain,Collab with carry bhai🎉,0,0,0.0,1.0,0.0,0.0,Neutral
@GoodShotArmy,Emiway bantai king of the Indian hip hop <br>Honey singh paaji baap of the Indian hip hop ♥️ <br>Carry 😂❤❤❤<br>Purav😂❤❤❤<br>Love from maharashtra,1,0,0.0,0.822,0.178,0.0772,Positive
@GoodShotArmy,We want bantai se collab ❤❤❤❤❤ plzzz,0,0,0.0,0.822,0.178,0.0772,Positive
@vaibhavkumar5743,Deepak be like - burger kahega,0,0,0.0,0.615,0.385,0.3612,Positive
@sgaming3618,Isse pata chalta hay ki kiu carry vai ki video itni late hoti hay 😮😮😮,0,0,0.0,1.0,0.0,0.0,Neutral
@Rik_Art_,Bollywood actor :-🤡<br>YouTube actors :- 💀,1,0,0.0,1.0,0.0,0.0,Neutral
@anishbarman56,Carry is looking like our principal 😂,0,0,0.0,0.667,0.333,0.3612,Positive
@user-fr3xh6bf3e,You are more dolly than dolly looks like dolly,1,0,0.0,0.762,0.238,0.3612,Positive
@NomadRides419,Bohot badiya,0,0,0.0,1.0,0.0,0.0,Neutral
@InfoRavi,Nice <br>Likh deta hu 300M like milega,1,0,0.0,0.485,0.515,0.6486,Positive
@lazyasf566,Thanks for 54th subscriber 😊😊🙏🙏,1,0,0.0,0.58,0.42,0.4404,Positive
@mohitf920,Awesome ❤❤,0,0,0.0,0.196,0.804,0.6249,Positive
@yashgamer9,"Purvjjha ki accting ,❌ Bollywood ko jiwan daan ki😂😂",0,0,0.0,1.0,0.0,0.0,Neutral
@BhootiyaManoranjan,Me bhi Andheri me hi hu😅,0,0,0.0,1.0,0.0,0.0,Neutral
@selimaktar9792,Garam hai Garam hai😂🤣🤣,1,0,0.0,1.0,0.0,0.0,Neutral
@gauravjadhav3,Background music fit tuber 😂,0,0,0.0,0.545,0.455,0.3612,Positive
@TheAkashPatel143,They both are roast AI in our India. 😂😂,0,0,0.0,1.0,0.0,0.0,Neutral
@Kartikeditz001-p1b,❤❤❤❤❤❤❤❤❤❤❤❤❤❤❤❤,1,0,0.0,1.0,0.0,0.0,Neutral
@newbie7480,Aree isko mei uss choco wali clip dekh k gay samjha tha real wala🫂🤣😩,0,0,0.0,1.0,0.0,0.0,Neutral
@2stardevraj,Purav Bhai Maine to pehchan liya tha carry Bhai ke video me. 😂😂❤,0,0,0.0,1.0,0.0,0.0,Neutral
@Gautamkaggere,Video inta achhata na apka mehnat ka pratipal mila hai,0,0,0.0,1.0,0.0,0.0,Neutral
@SatyajeetSaikia,Mere ko bilkul bhi anuvab nahi tha ki purav aur carry ka collaboration,0,0,0.0,1.0,0.0,0.0,Neutral
@shrikantpatra,Druve Rathi parody was opic,0,0,0.0,1.0,0.0,0.0,Neutral
@SubhamSah-uc3li,Even AI is also scared after this,0,0,0.0,1.0,0.0,0.0,Neutral
@SubhamSah-uc3li,Bill gates se jef Bezos bana diya😂,0,0,0.0,1.0,0.0,0.0,Neutral
@B05S,Purav Bhai ne Dollywood ko built kiya tha aur destroy bhi kardhiya 😂,0,0,0.241,0.759,0.0,-0.5423,Negative
@infinix.edition,Carry bhai ka future khatre mein hai💀,0,0,0.0,1.0,0.0,0.0,Neutral
@youtubeankush1620,😂😂carry bhai god,0,0,0.0,0.488,0.512,0.2732,Positive
@iqtestcentre,🎉,0,0,0.0,0.0,0.0,0.0,Neutral
@worldaffairsat1.50x9,Ek challenge: Dolly banke dolly k pas jao,0,0,0.0,0.822,0.178,0.0772,Positive
@freedesign8316,Itna big setup or time to Bhuvan ne SRK ko bulaya tha usme bhi nhi lga hoga😅,1,0,0.0,1.0,0.0,0.0,Neutral
@user-dv8uy5rk8m,Bantai ❤,0,0,0.0,1.0,0.0,0.0,Neutral
@MrGambler4466,Bhai please tech burner ka video banao atcha lagega love feom Meghalaya❤😂,0,0,0.0,0.606,0.394,0.7579,Positive
@sourabhs.k,Bill gates ❌ Christopher ✅,1,0,0.0,1.0,0.0,0.0,Neutral
@1AdnanAhmed1,Bro is literally Akshay Kumar of YouTube but way better then what,0,0,0.0,0.741,0.259,0.5927,Positive
@KumarBisunke-kj3mj,Nepal SE Hun ❤️❤️,0,0,0.0,1.0,0.0,0.0,Neutral
@Sajidfltnns,Purav ❤❤❤bhai,0,0,0.0,1.0,0.0,0.0,Neutral
@engryvivek55,the reason why microsoft crass,0,0,0.0,1.0,0.0,0.0,Neutral
@ankitsinghal8256,Hype aaygi phirse😂,0,0,0.0,1.0,0.0,0.0,Neutral
@Zørofromeonepiece,Best video ❤,0,0,0.0,0.192,0.808,0.6369,Positive
@dheerajjoshi08,Burger khayega... Hmmmm😅😅😅,1,0,0.0,1.0,0.0,0.0,Neutral
@kirandevi4315,Carry ❤,0,0,0.0,1.0,0.0,0.0,Neutral
@vinodpaikrao1248,Bantai ❤,0,0,0.0,1.0,0.0,0.0,Neutral
@gopalgoel8814,गरम है गरम 😅😅😅😅😅,0,0,0.0,1.0,0.0,0.0,Neutral
@SayanDass,You&#39;re really good but bhai Carry ne instantly jo woh bola Bantai ko lageli bhook💀damn you know it now who&#39;s waiting for ya on the top,0,0,0.0,0.848,0.152,0.51,Positive
@rongpapal,Jacks sparrow wala act Karo bhai ma kasam Jaan fuuk doge usme tm bhai ek no hoga dekhna👌🤗,0,0,0.115,0.885,0.0,-0.296,Negative
@babuforu78,Love from bkp 🔥🔥❤,1,0,0.0,0.417,0.583,0.6369,Positive
@DeadBack07,Purav jha love button ❤,0,0,0.0,0.417,0.583,0.6369,Positive
@abhasaxena4694,Purav bhai ne carry ka muh me le liya choco 🍫 🍫 🍫 🤣🤣🤣😂😂😂,0,0,0.0,1.0,0.0,0.0,Neutral
@akshaykasaudhan4478,Bro you are looking like frenchy from The Boys series 😂😂,0,0,0.0,0.8,0.2,0.3612,Positive
@amankumarbehera6232,Machayenge 4 bajana chote😂,2,0,0.0,1.0,0.0,0.0,Neutral
@ShahidKhan-ew4vm,bantai ki public ❤❤,1,0,0.0,1.0,0.0,0.0,Neutral
@niteshsumanvlogs3306,Maja aagya bhaiiii yee 🤣🤣🤣,0,0,0.0,1.0,0.0,0.0,Neutral
@WEartist-oh8uw,Yeh real mai YouTuber ka lifestyle and Tiktoker on signal 🚥 life style,0,0,0.0,1.0,0.0,0.0,Neutral
@wrathgotnochill3298,Like chahiye bhai mast video hai,0,0,0.0,0.667,0.333,0.3612,Positive
@KALKI-08,Speed ka sirf ek aur 😅,0,0,0.0,1.0,0.0,0.0,Neutral
@aslimustafijurlive,Bantai ko lageli bhook😅,0,0,0.0,1.0,0.0,0.0,Neutral
@DANISH2003,Bhai kabhi mujhe bhi shoutout de de 😅,0,0,0.0,1.0,0.0,0.0,Neutral
@opinionnnn,He is looking like @CASarthakAhuja,0,0,0.0,0.615,0.385,0.3612,Positive
@sonujack6901,❤,0,0,0.0,0.0,0.0,0.0,Neutral
@YamrajSniper,❤,0,0,0.0,0.0,0.0,0.0,Neutral
@rohit_bhagali759,Bantai😂❤,0,0,0.0,1.0,0.0,0.0,Neutral
@AbhiEmpire,Bantai ko lageli bhookh 😂,0,0,0.0,1.0,0.0,0.0,Neutral
@shailendrajhavre3448,Dolly x billgates❎ purav x carry✅,0,0,0.0,1.0,0.0,0.0,Neutral
@SureshSinghChahal-pn1zs,Bhai video jaldi banane ke chakkar mein tum apna kharab kar rahe ho thuda time lo script time do time lagega but result bhi accha ayega ❤baki video bahut achhi hoti hai,0,0,0.0,1.0,0.0,0.0,Neutral
@pdxharryyt6953,Love from bkp 😊❤,1,0,0.0,0.417,0.583,0.6369,Positive
@anujgoyal0707,Purav bhai aap apne universe ka naam &quot;Puriverse&quot; rakhna jaha saare aapke characters ho,0,0,0.0,1.0,0.0,0.0,Neutral
@NEYFCCREATIONZ,That garam hai garam hai😂<br>Aur mai bhi bkp fan hu ❤,0,0,0.0,0.796,0.204,0.3182,Positive
@editsnime,Garam hai garam hai 😂,1,0,0.0,1.0,0.0,0.0,Neutral
@manojshelke7577,Hmm<br>Choko😂,1,0,0.0,1.0,0.0,0.0,Neutral
@Sarfaraz707,Bhai ke saare videos Mila ke jitne views hai utne iss akele vlog me views hai 😅😂,0,0,0.0,1.0,0.0,0.0,Neutral
@HalkBoy-uo7bl,❤,0,0,0.0,0.0,0.0,0.0,Neutral
@sayan8378,isiliye kehte hyn dost ki baat suna kar 1.4 mil views nice 😂,0,0,0.0,0.797,0.203,0.4215,Positive
@thakurpradeep2422,@carryminati,1,0,0.0,1.0,0.0,0.0,Neutral
@user-oo9ds3mz8j,Man just do <br>Pirates  of the Caribbean of jack Sparrow😅😊🎉,0,0,0.0,1.0,0.0,0.0,Neutral
@cheapcreates4740,bhai bina chashma ke dolly se jyada jacksparrow jaisa lg rha hai,0,0,0.0,1.0,0.0,0.0,Neutral
@rahulingale3250,🔥🔥,0,0,0.0,1.0,0.0,0.0,Neutral
@ndnaveendandriyal7451,Manne tanne dill diya tha,0,0,0.0,1.0,0.0,0.0,Neutral
@user-cw2th2gm9d,I have already watch the video from Carryminati 😂😂😂😂,1,0,0.0,1.0,0.0,0.0,Neutral
@becarsshorts,Bhai aapko ye challenge hai ki aap Dolly banke Dolly ke Samne Jao chai peene aur reation shoot kro 🎯🎯🎯🎯🎯,0,0,0.111,0.829,0.06,-0.2732,Negative
@aradhyam9586,❤❤❤❤,0,0,0.0,1.0,0.0,0.0,Neutral
@DeepRoy59,❤❤❤❤,0,0,0.0,1.0,0.0,0.0,Neutral
@halflife7600,India ka Speed 😂,0,0,0.0,1.0,0.0,0.0,Neutral
@ravingautam1481,India ka speed 😂,0,0,0.0,1.0,0.0,0.0,Neutral
@subhamitdeb6824,U look exactly like dolly,0,0,0.0,0.545,0.455,0.3612,Positive
@rakeshbarwal467,❤❤❤,0,0,0.0,1.0,0.0,0.0,Neutral
@Zatin.,❤❤❤,0,0,0.0,1.0,0.0,0.0,Neutral
@vedant7546,❤❤❤,0,0,0.0,1.0,0.0,0.0,Neutral
@FakeAccount-gb5mh,🎉🎉🎉,0,0,0.0,1.0,0.0,0.0,Neutral
@diwakarofficial9894,Poorav bhai ye to aj pta chala ki carry bhai ki vedio mai dolly ap hume h 😂😂😂😂,0,0,0.0,1.0,0.0,0.0,Neutral
@AmandeepSingh-gq5yv,Carry ❤❤,0,0,0.0,1.0,0.0,0.0,Neutral
@itsshivamrapper,Bkp ❤,1,0,0.0,1.0,0.0,0.0,Neutral
@rohitsharma9381,But aap thoda nervous dikhe unke samne 😊😊😊,0,0,0.231,0.769,0.0,-0.2732,Negative
@ritwikkumarde948,OP 😂,0,0,0.0,1.0,0.0,0.0,Neutral
@Ravi_Babu_41,Thanks for 260 subscriber love you all,0,0,0.0,0.413,0.587,0.7964,Positive
@malayavlogs9999,One chai plz 😂,0,0,0.0,0.606,0.394,0.0772,Positive
@the_crazy_anil_officail,Bkp❤❤,2,0,0.0,1.0,0.0,0.0,Neutral
@raghav7355,bantai ko lagi bhook😂,1,0,0.0,1.0,0.0,0.0,Neutral
@TusharS1999,Next one jack Sparrow,0,0,0.0,1.0,0.0,0.0,Neutral
@iamOneXd,"<a href=""https://www.youtube.com/watch?v=S_DRe0qbUJk&amp;t=325"">5:25</a> ai fears from bro 😂",0,0,0.359,0.641,0.0,-0.4215,Negative
@Awara_parinda_.,Ajazz Khan pr banao short parody 😂,0,0,0.0,1.0,0.0,0.0,Neutral
@techznishan,Bhai hacker hai hacker 😂,0,0,0.0,1.0,0.0,0.0,Neutral
@bfourteenofficial,🔥🔥🔥,0,0,0.0,1.0,0.0,0.0,Neutral
@dragongaming5218,Dolly taking last shot 💀,0,0,0.0,1.0,0.0,0.0,Neutral
@Imperial0010,bhai vlogging karte hue bear grills la look araa h pura,0,0,0.0,1.0,0.0,0.0,Neutral
@mehtasahil02,Dolly dolly dolly chai wali 😂😂,1,0,0.0,1.0,0.0,0.0,Neutral
@JugantarBorthakur,Bkp bole toh taqlif 🥷🥷,1,0,0.0,1.0,0.0,0.0,Neutral
@ARSHOLAGAMING,100% dolly lookup,0,0,0.0,1.0,0.0,0.0,Neutral
@shahidhusain1733,until this video i didnt knw ki bill ka character Carry ne kiya,0,0,0.0,1.0,0.0,0.0,Neutral
@JavedKhan-co4lx,Mumbai se wapas laute samay har kisika yahi hal hota😂,0,0,0.0,1.0,0.0,0.0,Neutral
@Imrankhan-tr2dd,Bantai ko lagali bhook💀💀,1,0,0.0,1.0,0.0,0.0,Neutral
@Stranger_shorts_777,Thank you for 70 subscribers,0,0,0.0,0.615,0.385,0.3612,Positive
@sheetal_baisa,best part about his video is you.,0,0,0.0,0.588,0.412,0.6369,Positive
@itzmilan77,Bhai ye set he😂😂 mujhe laga sachme street me kr rhe he ye log,0,0,0.0,1.0,0.0,0.0,Neutral
@TMG_BoY,Is Real Channel Of Pruv Jha,0,0,0.0,1.0,0.0,0.0,Neutral
@only_Money_613,Volog continue ho na chahiye 😮❤,0,0,0.0,1.0,0.0,0.0,Neutral
@shrutipriya1406,"<a href=""https://www.youtube.com/watch?v=S_DRe0qbUJk&amp;t=316"">5:16</a>  burger khayega! 😂",1,1,0.0,1.0,0.0,0.0,Neutral
@caryabecar9750,$ sign one time😅😅😅,0,0,0.0,1.0,0.0,0.0,Neutral
@Mjeph95,Bhai Hacker hai hacker,0,0,0.0,1.0,0.0,0.0,Neutral
@hamayunkhantigerian4815,Cheese ak dam badreya Hain 😂😂😂,0,0,0.0,1.0,0.0,0.0,Neutral
@amamshakya7180,Bhai ap ki shakal &quot;The Boy&#39;s&quot; me Frenchie jesi lagti hai 😅,0,0,0.0,1.0,0.0,0.0,Neutral
@COLECITYRIVIEW,DHRUV BHI ABHITAK SIRF DEKHTA THA ABHI SUBSCRIBE KRA... EK REQUEST hai... Bigg boss ko rost kro,0,0,0.0,1.0,0.0,0.0,Neutral
@bhavikbhavsareditzz,"video qualtiy kyu hug rhi,,,,",0,0,0.0,0.563,0.437,0.4767,Positive
@anixteyiskillingme5978,❤😊,0,0,0.0,1.0,0.0,0.0,Neutral
@beingchitrakar71,that was set wow,0,0,0.0,0.441,0.559,0.5859,Positive
@Rehmansindhi13,Love you from Pakistan ❤❤,0,0,0.0,0.488,0.512,0.6369,Positive
@Demondrawsarecool,Mast bhai,0,0,0.0,1.0,0.0,0.0,Neutral
@manasranjan7894,Bantai ko lageli bhook 😂😂😂😂,0,0,0.0,1.0,0.0,0.0,Neutral
@aashishpushpad7173,Bhai tu hostel daze me bhi to tha wha to isse bhi bada set hoga,1,0,0.108,0.892,0.0,-0.1779,Neutral
@Gupta_Kishan012,Bhai Jhony Sins Ke upr parody banao pls,0,0,0.291,0.583,0.126,-0.4019,Negative
@FreshWheelz,This Dolly Is more Dolly Than The Real Dolly,0,0,0.0,1.0,0.0,0.0,Neutral
@Zaidplier,Garam hey garam hey 😂,0,0,0.0,1.0,0.0,0.0,Neutral
