Author,Comment,LikeCount,ReplyCount,neg,neu,pos,compound,Label
@Blackbeatz888,"Follow- https://instagram.com/rich.yyoo?igshid=OGQ5ZDc2ODk2ZA==
👉🏻👈🏻",97,9,0.0,1.0,0.0,0.0,Neutral
@musaalisehgal5058,Beat hits harder than my dad's belt 💪,5921,286,0.0,1.0,0.0,0.0,Neutral
@ankitmandal8333,Dont lie you’re imagining something epic aren’t you?😜😝🙂,5901,388,0.0,1.0,0.0,0.0,Neutral
@carlarobyn5295,"The song 🗿
The vibe🗿
The singer 🗿
The instrumental 🗿
The viewers 🗿
The song listener 🗿
The saver of the song🗿
The one who added this song in his playlist 🗿
The one who got motivated and went to gym after listening this masterpiece 🗿
The whole gym 🗿
All the gym equipments including the mats🗿
The gym shoes 🗿
The one who play this at gym🗿
All who listens it 🗿
All who get more excited to do more reps 🗿
The nerves of the body 🗿
The blood streaming at speed of light after hearing this
🗿
The comments🗿
The thoughts while writing this 🗿
My hands while typing this 🗿
The keyboard 🗿
The alphabets 🗿
YouTube 🗿
Thumbnail 🗿
Subtitle 🗿
This comment 🗿
Those who likes this comment 🗿
Those who comment in this 🗿
Those who start a convo in this comment 🗿
Those who comment '🗿' 🗿",266,27,0.012,0.877,0.111,0.9338,Positive
@AkshayAhuja-615,This Beat Is On End Level 🔥,84,0,0.0,1.0,0.0,0.0,Neutral
@advaitvyas7837,This tone is the badass of all time 🔥🔥,1505,5,0.167,0.833,0.0,-0.1531,Neutral
@Roastermalang,Fact : everyone gave a savage look when beat drops 😎,158,11,0.3,0.7,0.0,-0.4588,Negative
@sohamtrivedi8501,0:10 The part you came for 💖,1120,34,0.0,1.0,0.0,0.0,Neutral
@hampterbruh,The beat is so powerful that it slapped me into backrooms,810,10,0.0,0.734,0.266,0.5598,Positive
@rajtiwari390,This beat gives you a power to think that you are best,86,0,0.0,0.704,0.296,0.6369,Positive
@stbass5392,Thank you I was looking for this remix❤️❤️,170,7,0.0,0.706,0.294,0.3612,Positive
@shernisquared3780,Playing this and driving no matter what car makes you feel like a badasss,33,0,0.133,0.542,0.325,0.296,Positive
@sarvangjain9532,0:18 best beat i ever listened in my life,150,5,0.0,0.625,0.375,0.6369,Positive
@deadloxred4765,I need 1 hour version 🥺🥂,616,24,0.0,1.0,0.0,0.0,Neutral
@ayoublostsea4197,Beat hits harder than a midnight joint 🤛🏾,25,0,0.0,1.0,0.0,0.0,Neutral
@gamingfeverrrrrrrr2743,"Only Two Words, “Extraordinary” , “Masterpiece”",13,0,0.0,1.0,0.0,0.0,Neutral
@kusumsaini9207,"Finally, I found this masterpiece here😌😌",29,0,0.0,0.451,0.549,0.7073,Positive
@fanelskejovic77,Listeting to this while you’re driving at night makes you feel unstopable! 🔥,40,2,0.0,1.0,0.0,0.0,Neutral
@its_r_c_a,That Nobody part hit me hard 😈,31,1,0.219,0.781,0.0,-0.1027,Neutral
@shifaajohmani7546,My heart is shaking with the tone,86,2,0.221,0.779,0.0,-0.1779,Neutral
@shashankpandey6834,This is my oxygen now🥂,21,0,0.0,1.0,0.0,0.0,Neutral
@laxmigovindbhiemaheshwari1493,"Black &Blueeeee
This lineeeeeeee
Goosebumps.....
🖤🖤🖤&💙💙💙",8,0,0.0,1.0,0.0,0.0,Neutral
@lucasandresciurbe9922,This remix its so good. Amazing this floowww ❤️‍🔥🔥🔥,20,0,0.0,0.472,0.528,0.8325,Positive
@pratishthasharma3008,This song hits even harder when u literally mean the lyrics.......❤,8,0,0.0,1.0,0.0,0.0,Neutral
@jyotidevi8239,0.75x slow version is most best you try 1 time,35,3,0.0,0.64,0.36,0.6697,Positive
@yurimarcio3972,"Muito top, vi a música em várias vídeos no tik tok e achei muito foda❤",28,0,0.147,0.733,0.12,-0.1027,Neutral
@harrisonbentley1303,I was playing with the playback speed and the volume and I made it sound so clean when the beat dropped🤤,19,0,0.0,0.763,0.237,0.6476,Positive
@itsrealabhay,This song motivate me for workout ❤,32,1,0.0,0.658,0.342,0.3818,Positive
@dipin9029,Feeling like all villans in anime verse are coming to earth,52,15,0.0,0.73,0.27,0.5719,Positive
@dipin9029,La Ferrari is making this song one step ahead to perfect,6,1,0.0,0.73,0.27,0.5719,Positive
@hitmangeming178,This song never gets old ❤️🎶,47,4,0.0,1.0,0.0,0.0,Neutral
@Daksh171,This song motivates me to do workout,22,0,0.0,1.0,0.0,0.0,Neutral
@saifyounus8913,It's 7th day and it's beat still hitting me,15,0,0.0,1.0,0.0,0.0,Neutral
@sunshinezz1929,Obsessed with the beat and everything,10,0,0.254,0.746,0.0,-0.1779,Neutral
@NILOYKARMAKAR,"This song gives me a emotion, I can't explain.....! 🖤",7,0,0.0,1.0,0.0,0.0,Neutral
@ZanibFatima1,"this is a pump up music, if depressed then this will help!!💗",3,0,0.28,0.72,0.0,-0.5972,Negative
@aishistheproedix,My ears is doing bass inside after heard this❤💪😅😂,10,0,0.0,1.0,0.0,0.0,Neutral
@anubhabsarkar8710,"That feeling, when you actually got a dark secret that nobody nobody nobody know....!!!!",124,2,0.0,0.818,0.182,0.3956,Positive
@srikanth5306,The best music to do gym  workout 💥😈,8,0,0.0,0.625,0.375,0.6369,Positive
@shamilfarooqkazmi789,lovely song and remix,14,0,0.0,0.441,0.559,0.5859,Positive
@karmenazzawi6671,Bro this song hits different It's so much better then the other songs I listen to  I am now addicted btw I love this song,3,0,0.0,0.731,0.269,0.8115,Positive
@omkarwaghmare9088,masterpiece 🔥,15,0,0.0,0.0,1.0,0.6249,Positive
@aarshff9919,Epic broo ❤️❤️loved it 🔥🔥,7,0,0.0,1.0,0.0,0.0,Neutral
@alizaidkhanhamza248,Thank you i was looking for this beat and such a talented person like you 👍💝💝,4,0,0.0,1.0,0.0,0.0,Neutral
@alizaidkhanhamza248,This beat is more powerfull then a lamborgini...😊,2,0,0.0,1.0,0.0,0.0,Neutral
@carromdiscking,I DON'T KNOW THE MEANING OF THIS SONG BUT ITS TOCH MY HEART 💜💜💜,8,0,0.0,1.0,0.0,0.0,Neutral
@theboringguy000,The beat is touching my soul,28,0,0.0,1.0,0.0,0.0,Neutral
@subscriber8926,This beat pushed me to escape the matrix🗿🔥,10,1,0.0,0.805,0.195,0.1779,Positive
@djjoy4908,Love this song ❤,11,0,0.0,0.323,0.677,0.6369,Positive
@skillerLM10,Everyone Gangsta Until they listen to this🙌🥶🥶😈,2,0,0.0,1.0,0.0,0.0,Neutral
@syedzayn619b,Best bass and tone.   😍❤😍,13,2,0.0,0.488,0.512,0.6369,Positive
@supermacy259,I love this vibe ❤️❤️💙,7,0,0.0,0.417,0.583,0.6369,Positive
@its_killer_ap418,Such a Masterpiece❤❤,5,0,0.0,1.0,0.0,0.0,Neutral
@XEBA_PH-4725,this is cold and perfect at the same time,2,0,0.0,0.684,0.316,0.5719,Positive
@erumtahir5554,This song give me badass vibes🖤😏,8,0,0.167,0.833,0.0,-0.1531,Neutral
@erumtahir5554,Me the only one who get the badass vibes🥂😏,8,1,0.167,0.833,0.0,-0.1531,Neutral
@user-oh9nl5wt7b,yo fire 🔥🔥🔥🔥,2,0,0.545,0.455,0.0,-0.34,Negative
@vaggosathanasiou2910,Driving the night with a high class car while playing this song hit diffrent,7,0,0.0,0.87,0.13,0.2023,Positive
@ehdb248uru39r,these beats give me the best vibes :D,3,0,0.0,0.422,0.578,0.8494,Positive
@NxtKiLLAr666,Beat running in my heart ❤️ 💙 💜 💖,9,0,0.0,1.0,0.0,0.0,Neutral
@moes7713,"When this jam hits my ears, my thoughts take an adventurous detour! It's like my brain hops into my dream car, and I'm in the driver's seat, shifting gears like a pro! Vroom-vroom! And when that turbo sound goes ""stututu,"" oh boy, it's a wild ride of imagination! I'm zooming down the autobahn like a speed demon with wind blowing through my hair (and trust me, my hair needs all the help it can get!). It's like I've entered a parallel universe of automotive awesomeness, and I'm the superhero of the racetrack!

So, yeah, while others might be pondering the meaning of life or contemplating the mysteries of the universe, I'm in my own little world of revving engines and tire-screeching fantasies! No worries, though—I promise not to take my daydreams to the actual streets. For now, I'll keep my crazy driving skills confined to the wild realm of imagination and enjoy the music's turbo-charged vibes.

Now, tell me, what wild rides does this song take you on? Spill the beans, my friend! Vroom-vroom! 🚗💨😄",80,6,0.038,0.795,0.167,0.9731,Positive
@ravinagda,base like goosebumps 🔥❤️‍🔥,8,0,0.0,0.545,0.455,0.3612,Positive
@trailblazer2001,Almost every song of this genre sounds better when slowed,9,0,0.0,0.749,0.251,0.3291,Positive
@trailblazer2001,Feels like a mysterious energy is about to dominate the universe and only I know about it.,1,0,0.0,0.749,0.251,0.3291,Positive
@trailblazer2001,The ending is scuffed but its okay 😄👍,1,0,0.0,0.749,0.251,0.3291,Positive
@BLINDhazard77,Bro your channel is very great 👍👍👍👍👍,6,0,0.0,0.577,0.423,0.659,Positive
@the__sportif560,Ouah mais c'est incroyable je ne sais pas si vous avez fait vous-même le remix mais incroyable 🔥,8,1,0.0,1.0,0.0,0.0,Neutral
@yzack6585,Потрясающие 🖤,117,3,0.0,1.0,0.0,0.0,Neutral
@AmanSingh-hj6ih,The beat is such a badass 🤌🏻,4,0,0.242,0.758,0.0,-0.1531,Neutral
@vkook_Lover224,When i am listening this i feels iam legend,11,0,0.0,1.0,0.0,0.0,Neutral
@rameshmehta4846,"Doctor: you have only 1 minuter what is your last wish.
Patient: I want to listen this song.
Doctor: but this song is nearly 2min and 30 second
Death: I will wait",23,1,0.156,0.757,0.087,-0.6542,Negative
@ZIYADINHO-,i very love this song I can't stand this  its  mighty love from saudi Arabia 💚🇸🇦,6,0,0.0,0.572,0.428,0.8746,Positive
@iamnot.obitoo,Listening this song make us feel like the villain 😈,60,2,0.275,0.534,0.191,-0.2732,Negative
@agrajamishra3618,Love this remix ❤️❤️❤️❤️,7,0,0.0,0.417,0.583,0.6369,Positive
@nawadafitness5973,Nobody nobody no .......... awesome song♥️♥️♥️♥️ Indian 🕉️ bihar nawada ❣️❣️❣️,7,0,0.144,0.588,0.268,0.4404,Positive
@Kim_selena1,I really love this song 💀❤️🔥,6,0,0.0,0.471,0.529,0.6697,Positive
@justicekagun9632,лучшая песня и биты 💓 просто чистые 🔥 это сильно бьет 🔥,0,0,0.0,1.0,0.0,0.0,Neutral
@Productions_By_Muji,"I go Jim, Jim is life , no love just Jim 😐",25,6,0.164,0.522,0.313,0.4588,Positive
@Theyluvleila,I love this song so much 🖤🖤🖤👽🌚💨,7,0,0.0,0.543,0.457,0.6369,Positive
@bhavagarwal1343,Addicted ❤️‍🔥,7,0,0.0,1.0,0.0,0.0,Neutral
@user-xm4ot7ue8k,This song gives different kind of vibe ❤,1,0,0.0,1.0,0.0,0.0,Neutral
@daviborges8960,"Muito top a música...
Vim pelo Instagram, vi a música em um Rells e amei. 👍👏👏",106,4,0.0,0.87,0.13,0.2023,Positive
@TPGaming00,They recommended me this song...I love it,2,0,0.0,0.455,0.545,0.7184,Positive
@Asadullah.10,0:14 is get me gosebumps,6,0,0.0,1.0,0.0,0.0,Neutral
@Eternal_trap_MUSIK,Топ как всегда,151,13,0.0,1.0,0.0,0.0,Neutral
@danielaroque5554,Muito massa essa música tem uma vibe um toque lindo 😍,81,6,0.0,1.0,0.0,0.0,Neutral
@krchd8048,I have been searching for you for a long time,1,0,0.0,1.0,0.0,0.0,Neutral
@Mariaf.h.mtalkingchannel,"Yo
That hit so hard 😈❤️‍🔥❤️‍🔥❤️‍🔥",5,0,0.272,0.728,0.0,-0.2183,Negative
@SKY_gamerOP,"Lyrics: I need a gangsta
To love me better
Than all the others do
To always forgive me
Ride or die with me
That's just what gangsters do
I'm fucked up, I'm black and blue
I'm built for it, all the abuse
I got secrets
That nobody, nobody, nobody knows
I'm good on, that pussy shit
I don't want, what I can get
I want someone, with secrets
That nobody, nobody, nobody knows
I need a gangsta
To love me better
Than all the others do
To always forgive me
Ride or die with me
That's just what gangsters do
My freakness is on the loose
And running, all over you
Please take me to places
That nobody, nobody knows
You got me hooked up on the feeling
You got me hanging from the ceiling
Got me up so high I'm barely breathing
So don't let me, don't let me
Don't let me, don't let me go
I need a gangsta (Gangsta, gangsta)
To love me better (Love me, love me better, baby)
Than all the others do (They do, they do, they do oh)
To always forgive me (Always forgive me)
Ride or die with me (Ride or die with me)
That's just what gangsters do (Do)",191,14,0.131,0.695,0.175,0.8383,Positive
@adithh_69,i played this song when I was home alone........ This song robbed my heart,5,0,0.0,0.821,0.179,0.34,Positive
@ILOVESUPERHERO.S,"Epic, Legendry, full Music Mode on 😎",3,0,0.0,1.0,0.0,0.0,Neutral
@ArcticWolfGamingYT,This is sick 🤯❤️‍🔥,7,0,0.524,0.476,0.0,-0.5106,Negative
@tinnapatil,When this song beats start my heart beat stops.,2,0,0.167,0.833,0.0,-0.1531,Neutral
@sandrapetit3502,"huh, i have so impressed, this music is amazing",4,0,0.0,0.435,0.565,0.8312,Positive
@W..VIDEOS,Nice edition 🤯,4,0,0.0,0.263,0.737,0.4215,Positive
@user-vf9bs5ln6l,Best remix so far 🕺👏🏽,9,0,0.0,0.488,0.512,0.6369,Positive
@Tekla_mikelashvili,I need 1 hour version 🥺,14,1,0.0,1.0,0.0,0.0,Neutral
@V69717,"Me:*driving at 160kmph*
*Brake fails*

Me: 0:01",4,1,0.0,1.0,0.0,0.0,Neutral
@aafrin.pchristopher7107,What a goosebumps,8,0,0.0,1.0,0.0,0.0,Neutral
@lookism777.,"i love music   
 ... black beatz",1,0,0.0,0.488,0.512,0.6369,Positive
@zooz9376,Listening this song I imagine myself in a manual car driving it fast asf 🖤🏴‍☠️,10,1,0.0,1.0,0.0,0.0,Neutral
@mdkaamil422,What a lovely song,5,0,0.0,0.345,0.655,0.5859,Positive
@hirdyanshigupta4763,This is the BADASS song i listen in my entire life,1,0,0.206,0.794,0.0,-0.3254,Negative
@Charlie_Smart,love you world number 1 Black Beatz,1,0,0.0,0.421,0.579,0.6705,Positive
@rukuahmedmunna,Awesome sound & base 🔥🔥🔥🔥,2,0,0.0,0.423,0.577,0.6249,Positive
@hus182,I love the melody ❣️,2,0,0.0,0.417,0.583,0.6369,Positive
@prestonfernandes1189,Secret that nobody knows🔥💯💯,4,0,0.0,1.0,0.0,0.0,Neutral
@sanjayoc,Confidence at its peak 🗿🎭,1,0,0.0,0.548,0.452,0.5106,Positive
@user-lt3cd7no2d,The best song I ever heard.  Thank for this song.,1,0,0.0,0.511,0.489,0.7717,Positive
@THBCODM,I love this thank you for what I needed for my bullying problem ❤❤,0,0,0.31,0.376,0.315,0.0258,Positive
@priyamkeshari563,You&#39;ll feel a heavenly connection.,2,0,0.0,0.429,0.571,0.6124,Positive
@kartikaytiwari3945,During this song I&#39;m ruling the world. after the song ends the world ruling me.,6,0,0.0,1.0,0.0,0.0,Neutral
@gwrezwan6674,Best song of black beatz channel. love from Bangladesh ❤️😍,1,0,0.0,0.488,0.512,0.8555,Positive
@Jaiki_shorts,THE BEST GOOSEBUMPS SONGS ☠️,1,0,0.0,0.448,0.552,0.7125,Positive
@Maglogar,The beat hits so hard that my friend told his dad he will get the milk,7,0,0.098,0.734,0.168,0.3256,Positive
@henriballa9275,Bro this made me the main character of my own story,2,0,0.0,1.0,0.0,0.0,Neutral
@pragyakumari9619,YouTube is best because of this channel ☺,0,0,0.0,0.588,0.412,0.6369,Positive
@aryanshukla6045,Fantastic 💥,8,0,0.0,0.0,1.0,0.5574,Positive
@FrostyPlayz75,Best song ever,4,0,0.0,0.323,0.677,0.6369,Positive
@mohammedarsalan905,After listening feels like attitude 🔥🔥😈,13,0,0.0,0.667,0.333,0.3612,Positive
@anujsethiya,Want a sped up version too !!,7,0,0.0,0.726,0.274,0.2225,Positive
@vihangikavindya7387,THISSSSS!!!!!🤤🥵♥️🔥,7,0,0.0,1.0,0.0,0.0,Neutral
@khushnoor7927,Hitting somthing different 🔥,0,0,0.0,1.0,0.0,0.0,Neutral
@_L.O.S.S_,"this song on 0.75×🥵🔥<br><a href=""https://www.youtube.com/watch?v=w-xC8TDe2Js&amp;t=10"">0:10</a>",19,4,0.0,1.0,0.0,0.0,Neutral
@jayaraju3178,Purrrrfect workout music 🔥🔥🔥🔥,2,0,0.0,1.0,0.0,0.0,Neutral
@07_ri9ku,It&#39;s tune is very satisfying 💞😍,4,1,0.0,1.0,0.0,0.0,Neutral
@07_ri9ku,I like this song 😍🤩,5,0,0.0,1.0,0.0,0.0,Neutral
@07_ri9ku,It&#39;s tune is very setishfiying 💞😍,0,0,0.0,1.0,0.0,0.0,Neutral
@devilenablegamer,1 hour version pls,2,0,0.0,0.606,0.394,0.0772,Positive
@hasan_war,O my God This Song Beats 🔥🗿💔,1,0,0.0,0.704,0.296,0.2732,Positive
@blink_elisa...zpt.....774,The beat awesome ☻ and the edit amazing ▪,2,0,0.0,0.388,0.612,0.836,Positive
@Mrpegasus861,"<a href=""https://www.youtube.com/watch?v=w-xC8TDe2Js&amp;t=135"">2:15</a> is for badass moments",9,0,0.242,0.758,0.0,-0.1531,Neutral
@PrincessBarfung,This is Freaking cool and amazing 😍 omg i love it 💗🎁,3,0,0.147,0.314,0.539,0.8176,Positive
@krisinggamer6554,I just feel goosebumps to listen this in only first time  ⚡⚡💯,0,0,0.0,1.0,0.0,0.0,Neutral
@sardorgang3923,NICE MUSIC❤,3,0,0.0,0.263,0.737,0.4215,Positive
@jordgaming2.0,Goosebumps music 🔥🔥🔥,0,0,0.0,1.0,0.0,0.0,Neutral
@yt-setting1690,Love from 🇧🇩,1,0,0.0,0.323,0.677,0.6369,Positive
@RoyalFanfics,Can I use this as background of my videos and not get copyright?,7,0,0.0,1.0,0.0,0.0,Neutral
@andreoliveirasantos9727,"Foda mano, só eu de brasileiro curtindo esse bit",17,4,0.0,1.0,0.0,0.0,Neutral
@shikhaarora3696,So powerful bro keep it up 💪💪,1,0,0.0,0.66,0.34,0.4754,Positive
@Codm545,Nice beat,1,0,0.0,0.263,0.737,0.4215,Positive
@S4AD_64,"<a href=""https://www.youtube.com/watch?v=w-xC8TDe2Js&amp;t=62"">1:02</a> &quot;knowwwwww&quot;that voice 🥶🥶",3,0,0.0,1.0,0.0,0.0,Neutral
@Moviesshorts0120,This song is a masterpiece.<br>Hit like if you agree👌,7,0,0.0,0.737,0.263,0.3612,Positive
@manueditsbymc4168,What a song miracle and the attitude coming bgm♥️ plz bro loop it make 1 hour what a power in this,1,0,0.0,0.758,0.242,0.6249,Positive
@AKT__KILWA,Very beautiful song❤🎉<br><br>🎉❤❤🎉,1,0,0.0,0.323,0.677,0.6361,Positive
@dharsanram2083,Красивый 🤞,4,0,0.0,1.0,0.0,0.0,Neutral
@fytechbd1934,Love from Bangladesh 🇧🇩❤❤,0,0,0.0,0.417,0.583,0.6369,Positive
@sahilkalyankar3062,Is this on Spotify?,9,0,0.0,1.0,0.0,0.0,Neutral
@vishalahirwar8505,"love this song:) <a href=""UCkszU2WH9gy1mb0dV-11UJg/X_zdXMHgJaPa8gTGt4f4Ag""></a>",2,0,0.0,0.488,0.512,0.6369,Positive
@AdityaGaming-gn1oe,Nice song ❤,3,0,0.0,0.263,0.737,0.4215,Positive
@haimulhukyaseen5741,This beat is for all circumstances of life fantastic beat❤❤❤,0,0,0.0,0.714,0.286,0.5574,Positive
@aser8770,PERFECT 🤩 MUSIC To listen on my AirPods,1,0,0.0,0.575,0.425,0.6633,Positive
@Lokezz04,1000% boost  your energy 😱🥵💪🏻💪🏻💪🏻,0,0,0.0,0.385,0.615,0.5859,Positive
@altair-harris9854,"The legends who knows they will win ahead , feels epic without the music",2,0,0.0,0.759,0.241,0.5859,Positive
@shabnamansari7024,I got goosebumps bro 💯💯🔥🔥🔥🔥🔥🔥❤️❤️,1,0,0.0,1.0,0.0,0.0,Neutral
@MayankSaraswat-bi7cc,0.75x speed is makes it perfect🔥,4,0,0.0,1.0,0.0,0.0,Neutral
@saifilyas88,legendary song,2,0,0.0,1.0,0.0,0.0,Neutral
@Maheshkumar-tx8en,Heart touching,1,0,0.0,1.0,0.0,0.0,Neutral
@airforceaspirant6241,Future Gov Employee ❤️,0,0,0.0,1.0,0.0,0.0,Neutral
@irlish_435,Лучший,3,0,0.0,1.0,0.0,0.0,Neutral
@kitchenmagic5464,This is insane bruuh,1,0,0.474,0.526,0.0,-0.4019,Negative
@user-cv2ee5wd5v,Gorgeous song🎉❤<br>I feel more stronger 💪❤❤,0,0,0.0,0.367,0.633,0.7841,Positive
@Naaz836,Just unstoppable 😎🥵🔥🔥🔥,0,0,0.474,0.526,0.0,-0.2023,Negative
@harshchaudhary886,Obsessed 💖,2,0,1.0,0.0,0.0,-0.1779,Neutral
@taurea4364,Bro this is on fire and im in love with this song😊,0,0,0.145,0.602,0.253,0.4215,Positive
@deltamsaziz3908,THANK YOU FOR GİVİNG THİS LOVE TO MY EARS,6,2,0.0,0.511,0.489,0.7717,Positive
@tamkinatjehan4884,Loved it ❤ make it for 1 hour 🔥♥️,1,1,0.0,0.606,0.394,0.5994,Positive
@km2k02,I&#39;m killing those dragons and demons with this one 🔥🔥🔥,0,0,0.328,0.672,0.0,-0.6597,Negative
@shubhanalam8493,Most dangerous song 🎵🎵😊,2,0,0.531,0.469,0.0,-0.5256,Negative
@romanfansclub6199,Perfect beats for Gymrats 🔥,0,0,0.0,0.448,0.552,0.5719,Positive
@nagulapallinarasimharao3008,Goosebumps!!,0,0,0.0,1.0,0.0,0.0,Neutral
@homemarvelmovieswithme5627,This Beat is Hitting Hard Than My moms Slipper,31,2,0.149,0.851,0.0,-0.1027,Neutral
@Mr.Adarshtiwari11730,This bits give me goosebumps,0,0,0.0,1.0,0.0,0.0,Neutral
@melodysanchez111,I LOVE THIS ❤️ 🤩,1,0,0.0,0.288,0.712,0.7125,Positive
@2misterss,Beat drops 💧 n You thought No one can beat me 👿🔥,0,0,0.196,0.804,0.0,-0.296,Negative
@itz_kyawaching,What a song 🤕🤒...<br>JUST WOW🖤😇😘,1,0,0.0,1.0,0.0,0.0,Neutral
@study-with-tooba,Goosebumps 😂❤,0,0,0.0,1.0,0.0,0.0,Neutral
@shajbag532,love this song really 😌❣️,1,0,0.0,0.488,0.512,0.6369,Positive
@aysel246,Amazing!Music❤,2,0,0.0,1.0,0.0,0.0,Neutral
@Kakashi_is_sus,This song is B.O.A.T<br>Baddest Of All Time☠️☠️☠️☠️☠️,2,0,0.0,1.0,0.0,0.0,Neutral
@coder_cse_student9465,❤ unbelievable beat 🪘,1,0,0.0,0.357,0.643,0.2023,Positive
@princesuhannsworld7730,This is Paradise for me,1,0,0.0,0.488,0.512,0.6369,Positive
@septemberRvsh,This song makes wanna turn into a villain  origin story,6,0,0.31,0.69,0.0,-0.5574,Negative
@harjinderkaur9653,This song has so epic beat,0,0,0.0,1.0,0.0,0.0,Neutral
@rajavardhanreddy4781,i never listen like this wonderful song,1,0,0.201,0.381,0.417,0.5048,Positive
@user-TRUELEGEND,🔥🥶,2,0,0.0,1.0,0.0,0.0,Neutral
@notgamexalpha1674,Goosebumps 🥶,0,0,0.0,1.0,0.0,0.0,Neutral
@Tanner001,Blasting in the car gonna be fire,1,0,0.286,0.714,0.0,-0.34,Negative
@madinabonudjuraeva6242,Bass naushnik bilan mezzayu balandga qo‘yib eshitsa🤤🤤,3,0,0.0,1.0,0.0,0.0,Neutral
@respect-amazing9735,Listen this song in speed of 1.5<br>Next level experience. 💯,2,0,0.0,1.0,0.0,0.0,Neutral
@CrazyBoy-hv2li,My favourite song ❤❤🎉,1,0,0.0,1.0,0.0,0.0,Neutral
@Aryansingh-jq3fp,energetic beat bro,0,0,0.0,0.408,0.592,0.4404,Positive
@ridhambhardwaj6920,All time best  🔥🔥🔥🔥 fire,2,0,0.25,0.312,0.438,0.4215,Positive
@tirthgora1020,"<a href=""https://www.youtube.com/watch?v=w-xC8TDe2Js&amp;t=57"">0:57</a> is the best part",2,0,0.0,0.543,0.457,0.6369,Positive
@oumaimaamiri2361,الأغنية ادمان😩🔥,6,2,0.0,1.0,0.0,0.0,Neutral
@Minecraft-X-123,OMG that goosebumps,0,0,0.0,1.0,0.0,0.0,Neutral
@kiran.21,This is very powerful cause kill my little sadness😊😊 and i entered in another world ( world of music)😍😘,1,0,0.215,0.651,0.134,-0.4349,Negative
@ayanasayyed,🌹hats off 😍😍😉😉,1,0,0.0,1.0,0.0,0.0,Neutral
@kaziautul9843,I like this song very much.😎😎,2,0,0.0,0.615,0.385,0.3612,Positive
@mdmahtab961,Nice mixing 😘,0,0,0.0,0.263,0.737,0.4215,Positive
@vanshrajsinhparmar3472,😈👿😈op song listen it in 0.75x speed 😈😈,8,0,0.0,1.0,0.0,0.0,Neutral
@anytalukdar6553,LOVE THIS SONG💜💜💞💞,1,0,0.0,0.323,0.677,0.6369,Positive
@Roblox_kpop9,This song is amazing and I feel like a I am a real character so relaxing 😎,1,0,0.0,0.464,0.536,0.8864,Positive
@abhjeetkumarsinha566,I love this tone,0,0,0.0,0.323,0.677,0.6369,Positive
@abbasbangash4451,"The song 🗿<br>The vibe🗿<br>The singer 🗿<br>The instrumental 🗿<br>The viewers 🗿<br>The song listener 🗿<br>The saver of the song🗿<br>The one who added this song in his playlist 🗿<br>The one who got motivated and went to gym after listening this masterpiece 🗿<br>The whole gym 🗿<br>All the gym equipments including the mats🗿<br>The gym shoes 🗿<br>The one who play this at gym🗿<br>All who listens it 🗿<br>All who get more excited to do more reps 🗿<br>The nerves of the body 🗿<br>The blood streaming at speed of light after hearing this<br>🗿<br>The comments🗿<br>The thoughts while writing this 🗿<br>My hands while typing this 🗿<br>The keyboard 🗿<br>The alphabets 🗿<br>YouTube 🗿<br>Thumbnail 🗿<br>Subtitle 🗿<br>This comment 🗿<br>Those who likes this comment 🗿<br>Those who comment in this 🗿<br>Those who start a convo in this comment 🗿<br>Those who comment &#39;🗿&#39; 🗿",214,16,0.012,0.878,0.111,0.9338,Positive
@shakibahamed2809,This tone is the badass of all time 🔥🔥,0,0,0.167,0.833,0.0,-0.1531,Neutral
@themadmanus,Just mind-blowing,1,0,0.0,1.0,0.0,0.0,Neutral
@NazmunNahar-ud4pe,&#39;MASTERPIECE&#39;,0,0,0.0,1.0,0.0,0.0,Neutral
@mjtvanshmehta6689,Got this masterpiece without search 😅,0,0,0.0,0.494,0.506,0.6249,Positive
@Zenitsu69969,This song is very good,1,0,0.0,0.556,0.444,0.4927,Positive
@dudeawesome8755,imagine being high on weed 500mg on caffeine + creatine and having bad trip while lifting PR at gym💀 rip weights,3,0,0.154,0.793,0.053,-0.5106,Negative
@Azaad_Gamer0_0,Best song ever 👑👑👑,1,0,0.0,0.417,0.583,0.6369,Positive
@AnimeRider,What a Bass 🔥🔥,0,0,0.0,1.0,0.0,0.0,Neutral
@KP_CREATION00,you are right we are the mastermind 😈😈😈,2,0,0.0,1.0,0.0,0.0,Neutral
@srinivashsrini5598,I love this 💘,0,0,0.0,0.192,0.808,0.6369,Positive
@indonesiaserver6293,The song make me motivated,0,0,0.0,0.571,0.429,0.4588,Positive
@lilytokiao9166,"<a href=""https://www.youtube.com/watch?v=w-xC8TDe2Js&amp;t=11"">0:11</a> The part you came for 💖",5,0,0.0,1.0,0.0,0.0,Neutral
@user-zb7qn8wj6q,The best song of the year,0,0,0.0,0.543,0.457,0.6369,Positive
@DarkLifeoffical12344,That was nice 😳🥶,1,0,0.0,0.517,0.483,0.4215,Positive
@ArshavFreax,Goosebumps,1,0,0.0,1.0,0.0,0.0,Neutral
@umranmalik83,I love this song bro ❤❤😊,0,0,0.0,0.488,0.512,0.6369,Positive
@Anjaliblogs7,Very nice😊😎 cool🤘,2,0,0.0,1.0,0.0,0.0,Neutral
@indnileshh3438,Play this song with bass busters and wear headphones💀💀<br>And boom your ears blasted 🕳️🧿👽,5,0,0.0,0.844,0.156,0.34,Positive
@kanganafacts4304,Legendary🔥💯 ❤,0,0,0.0,1.0,0.0,0.0,Neutral
@Angelina.youssef123,At this point while listening to this I feel like I’m in the mafia for some reason😂,1,0,0.0,1.0,0.0,0.0,Neutral
@Angelina.youssef123,Don’t lie we all try to make us going deep with the music this slapped me into the back rooms in my hesd,0,0,0.0,1.0,0.0,0.0,Neutral
@arifbutt735,Mmmmm its so dark ❤😊i love this song,0,0,0.0,0.611,0.389,0.6666,Positive
@pridemaloy7016,Круто❤,1,0,0.0,1.0,0.0,0.0,Neutral
@utkalcommunicationcenter8653,nice so beautiful bass,0,0,0.0,0.222,0.778,0.7902,Positive
@punk4863,പേവേർ ⚡🥰⚡⚡⚡⚡,10,0,0.0,1.0,0.0,0.0,Neutral
@sksantobai9908,Nice song❤,1,0,0.0,0.263,0.737,0.4215,Positive
@smilegamer-ky4ht,Tone is really nice 🔥🔥😈,0,0,0.0,0.564,0.436,0.4754,Positive
@amasiddanilajagi2974,BGM is awesome 👍,0,0,0.0,0.328,0.672,0.6249,Positive
@Aven769,Love this song ❤❤❤❤❤❤❤❤❤❤❤❤❤❤❤❤,0,0,0.0,0.417,0.583,0.6369,Positive
@sanjuktabhattacharjee2992,Beats is too much goo and who watchinh this in 2023 ❤❤❤❤❤❤,1,0,0.0,1.0,0.0,0.0,Neutral
@neonxg1979,Amazing,3,0,0.0,0.0,1.0,0.5859,Positive
@stockhacker-fo1en,It&#39;s giving goosebumps,0,0,0.0,0.455,0.545,0.34,Positive
@detreinendokter1738,This song is 100 procent fire bro👍,0,0,0.286,0.714,0.0,-0.34,Negative
@elmirdasdmirov4601,hey dude this is so cool🥶,0,0,0.0,1.0,0.0,0.0,Neutral
@HYDRA49666,This is the award winning song 😈😈😈,0,0,0.0,0.42,0.58,0.7845,Positive
@akhilbajpai4410,Also motivational beat 🎯,0,0,0.0,1.0,0.0,0.0,Neutral
@1ndianarmy653,Sick ™️,3,0,0.767,0.233,0.0,-0.5106,Negative
@essaidsosuke9158,Better than the original 🖤,0,0,0.0,0.278,0.722,0.6369,Positive
@legitclips162,best vibe 😌😌,0,0,0.0,0.323,0.677,0.6369,Positive
@ydGAMING403,This song is best and you channel 🥰,0,0,0.0,0.588,0.412,0.6369,Positive
@jelena524,this is de 1 best remi it make me fell like im main character this song is Fire🔥🔥🔥,0,0,0.0,0.691,0.309,0.7717,Positive
@yadnadhim2189,Hell yeah bro,2,0,0.59,0.128,0.282,-0.5267,Negative
@Anime_Ak,"Don&#39;t lie you&#39;re imagining something epic happening , aren&#39;t you? ⚡💪",6,1,0.0,1.0,0.0,0.0,Neutral
@avacuccia997,This song is fire😝 ❤️‍🔥💓,1,0,0.0,1.0,0.0,0.0,Neutral
@AYAN_FF123,Ooo love this beat what beat wallah Habibi I love it 💯,0,0,0.0,0.488,0.512,0.8555,Positive
@user-bj1tw7kt6e,My mind hit.           This song,1,0,0.0,1.0,0.0,0.0,Neutral
@usmanbutt911,Beat hits my heart💀,0,0,0.0,1.0,0.0,0.0,Neutral
@mariusanghel3184,sick beat,0,0,0.767,0.233,0.0,-0.5106,Negative
@user-hd3oc6xb7l,Beat si to motivational and like giving energy to me❤️,0,0,0.0,0.5,0.5,0.7184,Positive
@lokessharma5448,Best song ever 💞❤❤,0,0,0.0,0.417,0.583,0.6369,Positive
@tsm_georgio7889,Beat hit different,0,0,0.0,1.0,0.0,0.0,Neutral
@Gcgoku03,🔥🔥0.75 speed is fire🔥🔥:-you drop in another world,1,0,0.231,0.769,0.0,-0.2732,Negative
@dangerous-fl2ou,Wow crazy 😌💓,1,0,0.333,0.139,0.528,0.34,Positive
@cryptiouss,Does anyone have a link to an even more slowed down version of this Tiktok remix? I heard it in an edit and can’t find it anywhere.,17,4,0.0,1.0,0.0,0.0,Neutral
@raajchampia4632,It&#39;s Insane Song🤩,1,0,0.574,0.426,0.0,-0.4019,Negative
@margrateimmanuel,❤❤ Obsessed ❤❤,0,0,0.459,0.541,0.0,-0.1779,Neutral
@mayarhaider1750,Beautiful very beautiful,0,0,0.0,0.11,0.89,0.8439,Positive
@YTAKASH-GAMING,The felling is Brutal flow and beat 😈😈💥💥,0,0,0.369,0.631,0.0,-0.6249,Negative
@aframertaboneolun,"That nobody, nobody, nobody KNOWS 💋🖤",2,0,0.0,1.0,0.0,0.0,Neutral
@TRT_,That Secret Nobody knows 🤫,3,0,0.0,1.0,0.0,0.0,Neutral
@sujatasenapati3206,This song is badass all time🥶,0,0,0.242,0.758,0.0,-0.1531,Neutral
@rizwanshaikh-gs9xp,This song is creat a main character ❤️‍🩹❤️‍🔥❤️‍🔥,2,0,0.0,1.0,0.0,0.0,Neutral
@meghanegikunwar9883,Bruhhhhh hard 💪💪,0,0,0.412,0.588,0.0,-0.1027,Neutral
@Indianson24,Best song🎵,1,0,0.0,0.192,0.808,0.6369,Positive
@opbhai683,Thomas shelby attitude 👿🔥,1,0,0.0,1.0,0.0,0.0,Neutral
@messifan3149,we need a 1h like this,3,0,0.0,0.615,0.385,0.3612,Positive
@SohaanPatel,The song is very very BADASS 🔥🔥🔥🔥🔥🔥🔥🔥🔥🔥🖤🖤🖤🖤🖤,0,0,0.326,0.674,0.0,-0.4412,Negative
@rawatff6773,Oh my god so much hard beats 😮,0,0,0.191,0.57,0.239,0.1082,Positive
@vaibhavbanchhor2448,goose bumps...,0,0,0.0,1.0,0.0,0.0,Neutral
@gwwasiyt7484,A f*cking masterpiece 😫,1,0,0.0,0.196,0.804,0.6249,Positive
@DeepakKumar-zw9tb,This beat hits my attitude,0,0,0.0,1.0,0.0,0.0,Neutral
@aBdUlLaH_1281,LOVE FOR THIS SONG<br><br>🥰🥰🫡salute 🫡🫡🫡🫡🫡🫡,6,0,0.0,0.448,0.552,0.7125,Positive
@laxmichanddewangan1469,This song is insane 💉🩹,0,0,0.403,0.597,0.0,-0.4019,Negative
@shibgamer4430,When I heard this song this song give me badass and giosebumbs,1,0,0.138,0.862,0.0,-0.1531,Neutral
@Clxmy276,Badass of all time,0,0,0.348,0.652,0.0,-0.1531,Neutral
@HarshitMishra-fr7zu,Music is blasting my heart 😈,0,0,0.0,1.0,0.0,0.0,Neutral
@shoaibhunjra,Ameezing i love it ❤️,2,0,0.0,0.417,0.583,0.6369,Positive
@arnavsharmax3480,"<a href=""https://www.youtube.com/watch?v=w-xC8TDe2Js&amp;t=19"">0:19</a> just 🥶🥶🥵",4,0,0.0,1.0,0.0,0.0,Neutral
@kivanctatlitug951,Love it.❤️,1,0,0.0,0.192,0.808,0.6369,Positive
@realgamer3043,bassss and beat high level💥💥💥,0,0,0.0,1.0,0.0,0.0,Neutral
@sumansainik1246,Plz tell me this version of this song is available on Spotify if then plz share link becuz I can&#39;t able to find this version of Spotify plz pls give me link,1,0,0.0,0.778,0.222,0.5267,Positive
@maliktanveerhussain3630,Woww what a materpiece😘👍💕😍,1,0,0.0,1.0,0.0,0.0,Neutral
@varshith0077,This is good but its best to hear,0,0,0.0,0.436,0.564,0.8294,Positive
@roshanikumari1203,"<a href=""https://www.youtube.com/watch?v=w-xC8TDe2Js&amp;t=18"">0:18</a> 💖💖💖",6,1,0.0,1.0,0.0,0.0,Neutral
@Prayag365,this song felled like i am in heaven,0,0,0.0,0.463,0.537,0.7003,Positive
@Zeynep1813,I Love this song,0,0,0.0,0.323,0.677,0.6369,Positive
@Being__Creator,Me in my mind before going to give a presentation in a room full of 2 people that is me and myself in mirror 😂😂😂😂,1,0,0.0,1.0,0.0,0.0,Neutral
@TamannaSikder-fm2fp,Love this song❤❤❤,0,0,0.0,0.323,0.677,0.6369,Positive
@prantoahmed3158,Such a Good song&#39;s,1,0,0.0,0.408,0.592,0.4404,Positive
@jjk_koostar_7,Pov: You are the main character..🎧🌚,6,1,0.0,1.0,0.0,0.0,Neutral
@GoodmanVideos007,I love this song so much,0,0,0.0,0.488,0.512,0.6369,Positive
@tarulattaprajapati7795,This song give power and strenght,0,0,0.0,1.0,0.0,0.0,Neutral
@khaninswargiary495,Bhai op song banayahai I love it song and music thank-you so much for this song ⭐⭐⭐,0,0,0.0,0.781,0.219,0.6369,Positive
@Dragonball.1234,This tune is world number one best tune,1,0,0.0,0.522,0.478,0.6705,Positive
@anonymous00278,Is this on Spotify? I cant find it.,1,0,0.0,1.0,0.0,0.0,Neutral
@vidunbimsath_1_and_only,Spotify?,5,0,0.0,1.0,0.0,0.0,Neutral
@martindudek4299,I love your song😍,1,0,0.0,0.323,0.677,0.6369,Positive
@sameermajidfunnyvideos3665,Best song ever,0,0,0.0,0.323,0.677,0.6369,Positive
@NOTBADBOY999,MY FAVOURITE SONG,0,0,0.0,1.0,0.0,0.0,Neutral
@SananpreetSanan-mo7jk,So sweet  🎵 ❤<br><br><br><br><br><br><br>THANK,0,0,0.0,0.378,0.622,0.5095,Positive
@pranshuacademy8551,Super nice song,0,0,0.0,0.13,0.87,0.7717,Positive
@aathikfaiz8936,"<a href=""https://www.youtube.com/watch?v=w-xC8TDe2Js&amp;t=10"">0:10</a> Here We Go Again🥵",5,0,0.0,1.0,0.0,0.0,Neutral
@aayushmishra3616,Best song ever 🙂😊,0,0,0.0,0.417,0.583,0.6369,Positive
@alikhanentertainmentshorts7724,Oh my gosh ashh this song is just ❤️‍🔥💀,0,0,0.0,1.0,0.0,0.0,Neutral
@IbrahimKhan-or4vg,Super song 🎉🎉,0,0,0.0,0.339,0.661,0.5994,Positive
@mowahidali5545,listening to this makes u feel anime villan,1,0,0.0,1.0,0.0,0.0,Neutral
@syedarubanahossain7338,the song is to lit for me🔥🔥,0,0,0.0,1.0,0.0,0.0,Neutral
@flyekitescharlie,Is it possible for this to be uploaded on Spotify as a Remix?,0,0,0.0,1.0,0.0,0.0,Neutral
@MdSohan-eb1kx,Next level 😘,0,0,0.0,1.0,0.0,0.0,Neutral
@mysticindiagaming1242,Bro please Spotify 🙏🏼🙏🏼,0,0,0.0,0.566,0.434,0.3182,Positive
@jayminmodi8214,This song tuch my heart,0,0,0.0,1.0,0.0,0.0,Neutral
@ranjitchauhan5638,Reminds me of my strength 💪🔥,0,0,0.0,0.61,0.39,0.4939,Positive
@NXT_MOHID211,Its beat hits harder than my accident,3,0,0.341,0.659,0.0,-0.4767,Negative
@Niti6275,Hardest song made by a woman respect 🔥,1,0,0.0,0.617,0.383,0.4767,Positive
@mdmostafizurmostafizur3556,Fell this song❤,0,0,0.0,1.0,0.0,0.0,Neutral
@ManojShersiya,I like this song very much,0,0,0.0,0.615,0.385,0.3612,Positive
@muhammadmunir9140,This song so badass,0,0,0.414,0.586,0.0,-0.2769,Negative
@peakyblinder5244,Really nobody knows 🔥🔥🔥🔥🔥,0,0,0.0,1.0,0.0,0.0,Neutral
@Lyn-ui5ly,make a 1 hour version please!,9,7,0.0,0.536,0.464,0.3802,Positive
@AnkitKumar-979,I am Indian this song understand 0% but enjoy and motivate 100%,2,0,0.0,0.539,0.461,0.8271,Positive
@Yourchoice950,"When you live alone,then you understand alone is better than group and some people know about alone power😈💪",1,0,0.183,0.685,0.132,-0.0258,Neutral
@VikasKimar-cc2qt,Nice show attitude song ❤❤❤❤,0,0,0.0,0.588,0.412,0.4215,Positive
@TheLeoPoint,Perfect :),0,0,0.0,0.0,1.0,0.7717,Positive
@MuhammadJunaid-ur1rj,This song is very cool,0,0,0.0,0.607,0.393,0.3804,Positive
@Dominik-fc4mz,When comes the song to spotify?,7,3,0.0,1.0,0.0,0.0,Neutral
@gamersamir4044,This is a very good song lovewith the rythm,0,0,0.0,0.687,0.313,0.4927,Positive
@samisheikhsamisheikh7164,The beat is more powerful than then my break-up ♥️♥️♥️,0,0,0.0,0.744,0.256,0.4754,Positive
@anonymous12306,If you hearing this close eyes then its very hard and my favourite 👽,1,0,0.124,0.876,0.0,-0.1761,Neutral
@raniverma2311,"Cover your speaker and then cover,open,cover,open...you&#39;ll make your own beat😎",0,0,0.0,1.0,0.0,0.0,Neutral
@CARLOVERBD-gh5mw,Hear it with headphone. You will go in another world.,0,0,0.0,1.0,0.0,0.0,Neutral
@EL_TOUNSI8775,"<a href=""https://www.youtube.com/watch?v=w-xC8TDe2Js&amp;t=10"">0:10</a> the part you came for❤️💜",2,0,0.0,1.0,0.0,0.0,Neutral
@zzzlatan1763,We need the Spotify upload 🙏,0,0,0.0,1.0,0.0,0.0,Neutral
@englishsonglover7569,Masterpiece,0,0,0.0,0.0,1.0,0.6249,Positive
@kimberlyshah8641,I love the car and the song<br>Omg i got secrets that nobody know,0,0,0.0,0.704,0.296,0.6369,Positive
@ankitkvideos_,Now You Are a Gangster😎👿,2,0,0.0,1.0,0.0,0.0,Neutral
@dhruv3471,The bass give us feel of a leader of a gang,5,0,0.0,1.0,0.0,0.0,Neutral
@daadyhunter920,Nice song ❤❤❤,0,0,0.0,0.417,0.583,0.4215,Positive
@husainraza5694,i love this song,0,0,0.0,0.323,0.677,0.6369,Positive
@Nisha0852,It is very Nice beat,0,0,0.0,0.564,0.436,0.4754,Positive
@soccerboy49-sb,This is a song for a gangster it&#39;s fire so good,0,0,0.183,0.533,0.285,0.3272,Positive
@miftahulislam5049,Nice Bro,0,0,0.0,0.263,0.737,0.4215,Positive
@Santos__matheuz625,"<a href=""https://www.youtube.com/watch?v=w-xC8TDe2Js&amp;t=9"">0:09</a> 🍷🗿🔥",3,0,0.0,1.0,0.0,0.0,Neutral
@lou6368,Love this song,0,0,0.0,0.323,0.677,0.6369,Positive
@keshav9512,I like this song so much,0,0,0.0,0.615,0.385,0.3612,Positive
@dupatikeerthana-hd4jj,its my favourtie songgg,0,0,0.0,1.0,0.0,0.0,Neutral
@laxmidey6630,Unbelievable 😮😮😮😮😮😮😮😮❤,0,0,0.0,0.357,0.643,0.2023,Positive
@BurceaangelAlexanderAnge-lk7mx,what musical  ❤❤❤❤😍😍😍,0,0,0.0,1.0,0.0,0.0,Neutral
@ruppzie8708,when i listen to this song make me realize how small i am (feels kinda creepy),3,0,0.0,1.0,0.0,0.0,Neutral
@rafiqulhoque1291,It&#39;s really the best song,0,0,0.0,0.472,0.528,0.6682,Positive
@JJ-pu2yi,"at max sound you can here the true power of sound, it&#39;s almost like a god",0,0,0.0,0.637,0.363,0.703,Positive
@Phalastiin___Xia,Oh my song I liked this beat cuz I&#39;m feeling emotional when I listening I&#39;m balcking blue I gotta secret but nobody knows!!!🥶🎧😎,0,0,0.0,0.761,0.239,0.5149,Positive
@gonzalogutierrez4748,Beautiful song just like my wife 😍,2,0,0.0,0.385,0.615,0.7506,Positive
@tphhuzaifa9226,I played the video after seeing it&#39;s slowed+ reverb😢.But anyways🔥❤,0,0,0.0,0.769,0.231,0.34,Positive
@aizen3861,This beat has a secret that nobody&#39;s knows 😌<br> Don&#39;t you have a secret that nobody knows?,33,4,0.0,1.0,0.0,0.0,Neutral
@alhan418,I like this song 😍😍😍😍,0,0,0.0,0.545,0.455,0.3612,Positive
@rayyanwalmsley3188,best song everr,0,0,0.0,0.323,0.677,0.6369,Positive
@HrithikBg,Miss that old days mini militia 🥲😥,2,0,0.211,0.789,0.0,-0.1531,Neutral
@rajdeepdhimann3518,Bhai base bahut Achcha hai,0,0,0.0,1.0,0.0,0.0,Neutral
@rishitverat,I played this music in the car. The car crashed. I asked the driver what happened he said I did not do anything the music accelerated,5,0,0.0,0.902,0.098,0.34,Positive
@user-jr5ko3sc7i,The  beat💯,0,0,0.0,1.0,0.0,0.0,Neutral
@ElyaTanha,"If you listen  this song now, with you all the best.❤❤",0,0,0.0,1.0,0.0,0.0,Neutral
@Aditya-wg9ey,Aah...love it,0,0,0.0,1.0,0.0,0.0,Neutral
@user-up3jp2vk3u,ADOORRRRRRRRRRRR❤❤❤❤💥💥,0,0,0.0,1.0,0.0,0.0,Neutral
@TheKidWatchesAnime,This Song Makes Me chill and forgot that I am live,0,0,0.0,1.0,0.0,0.0,Neutral
@AMANKUMAR-ip1uq,We all have some bleak secrets that nobody knows.,14,1,0.0,1.0,0.0,0.0,Neutral
@TuruBeastzilla,Full demonic vibes 🥶😈👿,1,0,0.0,1.0,0.0,0.0,Neutral
@TECHMANSince,Reel ke baaad aya maza agaya,0,0,0.0,1.0,0.0,0.0,Neutral
@mariyamoni463,Aesthetic 🎉,0,0,0.0,1.0,0.0,0.0,Neutral
@wolf_wolf_volces,Cool!!!! Top Ahh High ❤,0,0,0.0,0.503,0.497,0.453,Positive
@jahinpradhan6094,Hits harder than my owner&#39;s whip<br>-👴🏿,22,0,0.0,1.0,0.0,0.0,Neutral
@riyanganteng5939,Adem banget Dengernye,2,0,0.0,1.0,0.0,0.0,Neutral
@RishiGupta09,"This songs made me feel Jocab Rothschild is my janitor, Rockefeller is my driver, Kissinger is my lawyer, queen elizabeth is my childrens midwife, pope is butler of my house",1,0,0.0,1.0,0.0,0.0,Neutral
@Arham1m,You are best 😘😘,0,0,0.0,0.417,0.583,0.6369,Positive
@artstudycentre,The amazing song bass,0,0,0.0,0.441,0.559,0.5859,Positive
@Zaro4x,Nice😊,2,0,0.0,1.0,0.0,0.0,Neutral
@maroufbhat,Who is here from instagram reels,10,0,0.0,1.0,0.0,0.0,Neutral
@aayatussajjad3215,No bady knows song is fire 🔥,0,0,0.535,0.465,0.0,-0.5574,Negative
@mohamadnasr1133,Listening to theis song feel like a Soper hero,0,0,0.0,0.496,0.504,0.7269,Positive
@prityverma1048,Song of Kings 😈😈😈,0,0,0.0,1.0,0.0,0.0,Neutral
@user-cb6fn8vl4d,Motivational song,0,0,0.0,1.0,0.0,0.0,Neutral
@Vortex932,I am not imagining smth epic<br>I AM MAKING SMTH EPIC,0,0,0.0,1.0,0.0,0.0,Neutral
@vishavyoudh6867,Only back benchers can feel this song,6,2,0.0,1.0,0.0,0.0,Neutral
@nova..4059,Music is one of the biggest blessed by god,0,0,0.0,0.538,0.462,0.7184,Positive
@_LOFI_OFFICIAL.,I DON&#39;T KNOW THE MEANING OF THIS SONG BUT ITS TOCH MY HEART 🥶🥶🥶🥶🥶,0,0,0.0,1.0,0.0,0.0,Neutral
@fraxy8389,Where can i listen to this while doing something else?,0,0,0.0,1.0,0.0,0.0,Neutral
@thewaygamer7784,WHEN I LISTEN THIS SOUND I LIKE THAT I AM KING,1,0,0.0,0.737,0.263,0.3612,Positive
@user-bm4iq6mh4y,The best music,0,0,0.0,0.323,0.677,0.6369,Positive
@bruce_wayne86,THAT IS GANGSTA<br>BY HARLEY QUINN,3,0,0.0,1.0,0.0,0.0,Neutral
@sachingamer8046,Oo what a song 🥵🥵🥵🥵🔥🔥,1,0,0.0,1.0,0.0,0.0,Neutral
@nocap5596,This shit is fire af 🔥,1,0,0.667,0.333,0.0,-0.7184,Negative
@statusbyak9876,Thrilling sound feel the music 🎶 don&#39;t listen 👂 in music system!!,1,0,0.0,0.71,0.29,0.5696,Positive
@mtalhamalik5005,best song  ever <br>for atittude,0,0,0.0,0.488,0.512,0.6369,Positive
@jayantinegi3486,This is my favorite song,0,0,0.0,0.571,0.429,0.4588,Positive
@aagri_shubhamm,Who knows that secret 😈😈🥶🥶🔥🔥,6,1,0.0,1.0,0.0,0.0,Neutral
@niranjans953,ᴛʜɪꜱ ꜱᴏɴɢ ʜɪᴛ ᴍy ꜱᴩᴇᴀᴋᴇʀ ꜱᴏ ʜᴀʀᴅ..🔥🔥,2,0,0.0,1.0,0.0,0.0,Neutral
@THEGAMBLER.0011,After listening this I am sure that i am the main character,0,0,0.0,0.796,0.204,0.3182,Positive
@sad_life__996,Legends song 🖤☠️🗿👽🤯😈,1,0,0.0,1.0,0.0,0.0,Neutral
@mdakaeidhasan8840,love song🥰🥰,1,0,0.0,0.192,0.808,0.6369,Positive
@ulugbektv499,Cool  music,1,0,0.0,0.303,0.697,0.3182,Positive
@myartscrafts3455,The beat is slapping me harder than my teachers slap:):):):):),3,0,0.0,1.0,0.0,0.0,Neutral
@panachemittal3577,This song give me chills,2,0,0.0,1.0,0.0,0.0,Neutral
@sklovekhokhar1950,THIS TEUNE IS OWSOM 👑😈👑😈,0,0,0.0,1.0,0.0,0.0,Neutral
@cloudgaming6683,Nice song,0,0,0.0,0.263,0.737,0.4215,Positive
@GAMER_AJIT_121,Just a🔥🔥🔥🎵🎵,0,0,0.0,1.0,0.0,0.0,Neutral
@Hi74556,So Cool song ⚡️,0,0,0.0,0.536,0.464,0.3804,Positive
@user-oz2ny3cx3k,Hit sigma song💙💯💯💯💯🦾🦾,3,0,0.0,1.0,0.0,0.0,Neutral
@Piyush5554nice,Oohoo guys listen this song at 0.75 x speed then it would become insane!! 💪,1,0,0.215,0.785,0.0,-0.508,Negative
@MohammadAli-us7km,This song vibe like you are turning a villan,1,0,0.0,0.737,0.263,0.3612,Positive
@Animerockz69,Very nice 👍👍<br>❤❤,0,0,0.0,0.393,0.607,0.4754,Positive
@tendagaming1818,Understanding0.000%😅😅      Feelings1000000%🥰🥰,0,0,0.0,1.0,0.0,0.0,Neutral
@koolgamingyt6496,Super song,0,0,0.0,0.204,0.796,0.5994,Positive
@singhsawna9480,Listening this song with earphones... A person will not feel guilty even after committing MURDER 🔥🔥,56,3,0.258,0.57,0.172,-0.586,Negative
@sunandita7862,The bass is so harder that hit my all body😅😅😮❤❤,0,0,0.0,1.0,0.0,0.0,Neutral
@rohitjain1168,"My first interaction with this song was when the first time I play mini militia , it&#39;s was a good game",0,0,0.0,0.751,0.249,0.6486,Positive
@Lmn2013,Nice song,0,0,0.0,0.263,0.737,0.4215,Positive
@Mdemon-ir4yv,best gaan of the barino❤❤❤❤😊😊😊😊,1,0,0.0,0.488,0.512,0.6369,Positive
@RAJESHSINGH-jh9zn,In this video i only see this supar car 😂😂 ❤❤❤ and beats is blast like my heart ❤❤❤😎😎,1,0,0.0,0.872,0.128,0.3612,Positive
@Mad_biker.,Kon kon reel dekh ke aya hai ⬇️ ❤️,796,203,0.0,1.0,0.0,0.0,Neutral
@sureolekli2988,Çok güzel bir şarkı,0,0,0.0,1.0,0.0,0.0,Neutral
@user-wh9wd8ol3f,"steps <br>1- Alone in your room <br>2- Night time<br>3- turn the lights off<br>4- headphones on<br>5- close your eyes<br>6- enjoy the music &amp; live your fantasy",1,0,0.062,0.839,0.099,0.296,Positive
@elifsolmaz451,the song is very good,0,0,0.0,0.556,0.444,0.4927,Positive
@PVPGOD-wx3pm,Only sad life fell this song 😭,0,0,0.383,0.617,0.0,-0.4767,Negative
@Pagal-gamer786,Wow like an wow❤❤,0,0,0.0,0.241,0.759,0.743,Positive
@uandvgamerz1579,Indians where u at ?? 🇮🇳,3,0,0.0,1.0,0.0,0.0,Neutral
@ImNINJATEX,"The allure of a secret, hidden away from prying eyes and locked within the labyrinth of one&#39;s thoughts, holds an irresistible fascination. The enigma of a secret lies in its exclusivity, an intimate revelation known to a select few, a treasure chest of untold stories and mysteries. These hidden gems can range from personal confidences to cryptic historical truths, sparking the imagination and curiosity of those who stumble upon them. Secrets weave a tapestry of complexity into the fabric of our lives, transcending the mundane and inviting us to embark on a journey of discovery. It is the hushed whispers and concealed truths that add layers of intrigue to our existence, ensuring that the allure of secrets will forever be an enigmatic force in our human experience.",0,0,0.021,0.846,0.133,0.9186,Positive
@Trendinglofisongs281,Most  attitude song 🤟🤟🤟,0,0,0.0,1.0,0.0,0.0,Neutral
@mood_flat,G<br><br><br><br><br><br><br><br><br><br><br><br><br><br><br><br><br><br><br><br><br><br><br>O<br><br><br><br><br><br><br><br><br><br><br><br><br><br><br><br><br><br><br><br><br><br><br><br><br>O<br><br><br><br><br><br><br><br><br><br><br><br><br><br><br><br><br><br>D<br><br><br><br><br><br><br><br><br><br><br><br><br><br><br><br><br><br><br>👍,1,0,0.0,1.0,0.0,0.0,Neutral
@MafiaEditz.0,Is the badass of all time 🔥🔥,1,0,0.211,0.789,0.0,-0.1531,Neutral
@MINDSET010,Secret or wot 🤫,1,0,0.0,1.0,0.0,0.0,Neutral
@mahfuzhossainraj1618,Who come from tiktok?😁,14,2,0.0,1.0,0.0,0.0,Neutral
@_anime_fan..,This song open any secret.,0,0,0.0,1.0,0.0,0.0,Neutral
@parmitaroy4963,Beats hits actually hits harder than arock hitting your head,0,0,0.0,1.0,0.0,0.0,Neutral
@MohammadAli-wg3ep,im melting,1,0,0.0,1.0,0.0,0.0,Neutral
@benudharnaik7233,"This song is god level,s fell",0,0,0.0,0.704,0.296,0.2732,Positive
@shubhdeshpande1754,Song will effect extra when you are on high,1,0,0.0,1.0,0.0,0.0,Neutral
@a.s.n2,Robbers be like : this is the shit we need 💀,1,0,0.0,0.519,0.481,0.7579,Positive
@raheelyoutuber786,"100 reasons to stay alive: <br>1. to make your parents proud<br>2. to conquer your fears<br>3. to see your family again<br>4. to see your Favorite artist live<br>5. to listen to music again<br>6. to experience a new culture<br>7. to make new friends<br>8. to inspire<br>9. to have your own children<br>10. to adopt your own pet<br>11. to make yourself proud<br>12. to meet your idols<br>13. to laugh until you cry<br>14. to feel tears of happiness<br>15. to eat your favorite food<br>16. to see your siblings grow<br>17. to pass school<br>18. to get tattoo<br>19. to smile until your cheeks hurt<br>20. to meet your internet friends<br>21. to find someone who loves you like you deserve<br>22. to eat ice cream on a hot day<br>23. to drink hot chocolate on a cold day<br>24. to see untouched snow in the morning<br>25. to see a sunset that sets the sky on fire<br>26. to see stars light up the sky<br>27. to read a book that changes your life<br>28. to see the flowers in the spring<br>29. to see the leaves change from green to brown<br>30. to travel abroad<br>31. to learn a new language<br>32. to learn to draw<br>33. to tell others your story in the hopes of helping them<br>34. Puppy kisses.<br>35. Baby kisses (the open mouthed kind when they smack their lips on your cheek).<br>36. Swear words and the release you feel when you say them.<br>37. Trampolines.<br>38. Ice cream.<br>39. Stargazing.<br>40. Cloud watching.<br>41. Taking a shower and then sleeping in clean sheets.<br>42. Receiving thoughtful gifts.<br>43. “I saw this and thought of you.&quot;<br>44. The feeling you get when someone you love says, “I love you.&quot;<br>45. The relief you feel after crying.<br>46. Sunshine.<br>47. The feeling you get when someone is listening to you/giving you their full attention.<br>48. Your future wedding.<br>49. Your favorite candy bar.<br>50. New clothes.<br>51. Witty puns.<br>52. Really good bread.<br>53. Holding your child in your arms for the first time.<br>54. Completing a milestone (aka going to college, graduating college, getting married, getting your dream job.)<br>55. The kind of dreams where you wake up and can’t stop smiling.<br>56. The smell before and after it rains<br>57. The sound of rain against a rooftop.<br>58. The feeling you get when you’re dancing.<br>59. The person (or people) that mean the most to you. Stay alive for them.<br>60. Trying out new recipes.<br>61. The feeling you get when your favorite song comes on the radio.<br>62. The rush you get when you step onto a stage.<br>63. You have to share your voice and talents and knowledge with the world because they are so valuable.<br>64.Breakfast in bed.<br>65. Getting a middle seat in the movie theater.<br>66. Breakfast for dinner (because it’s so much better at night than in the morning).<br>67. Pray (if you are religious) <br>68. Forgiveness.<br>69. Water balloon fights.<br>70. New books by your favorite authors.<br>71. Fireflies.<br>72. Birthdays.<br>73. Realizing that someone loves you.<br>74. Spending the day with someone like you.<br>75. Opportunity to create meaningful and lasting relationships.<br>76. Potential to learn, grow, and evolve as a person.<br>77. Joy and happiness in the little things.<br>78. The power to inspire others.<br>79. The ability to create art, music, and other forms of self-expression.<br>80. To explore different cultures, traditions, and ways of life.<br>81. To make a positive impact on the environment and help protect the planet.<br>82. Experience the joys of parenthood and raise a family.<br>83. Learn new things and develop new skills.<br>84. Create a legacy that will outlive you.<br>85. Being wrapped up in a warm bed.<br>86. Cuddles<br>87. Holding hands.<br>88. The kind of hugs when you can feel a weight being lifted off your shoulders. The kind of hug where your breath syncs with the other person’s, and you feel like the only two people in the world.<br>89. Singing off key with your best friends.<br>90. Road trips.<br>91. Spontaneous adventures.<br>92. The feeling of sand beneath your toes.<br>93. The feeling when the first ocean wave rolls up and envelops your toes and ankles and knees.<br>94. Thunderstorms.<br>95. Your first (or hundredth) trip to Disneyland.<br>96. The taste of your favorite food.<br>97. The child-like feeling you get on Christmas morning.<br>98. The day when everything finally goes your way.<br>99. Compliments and praise.<br>100. to look on this moment in 10 years time and realize you did it.<br>Ps : Never forget you are a beautiful person 💕 Life is so beautiful so live, live like no one else exist, live for yourself, don&#39;t care of bad people, you are strong, i love you 🫶🏼",0,0,0.03,0.728,0.242,0.9996,Positive
@ChampionsLeague121,The bestest song,0,0,0.0,1.0,0.0,0.0,Neutral
@extragaming2663,Beat hits harddr than jee question🥸🥸,0,0,0.0,1.0,0.0,0.0,Neutral
@bjkjjjk8930,The better music for me,0,0,0.0,0.58,0.42,0.4404,Positive
@gauravgamingyt9625,Jai Jai Jai Jai siya Ram jai lakshman jai hanuman ji bajrangbali ji Baba ji ki jai jai jai jai ho mere pyare Bhaiyo beheno bless you all 🙏🙇,0,0,0.0,0.909,0.091,0.4215,Positive
@DESTROYED862,الاغنية جميلة,0,0,0.0,1.0,0.0,0.0,Neutral
@mdnayem7776,Love from bangladesh 😘😘😘,0,0,0.0,0.417,0.583,0.6369,Positive
@xx.gaming3657,Beat hits harder then Virat kohl’s hits the ball with the bat,0,0,0.0,1.0,0.0,0.0,Neutral
@I_LIKE-YA_CUT_G,This is so hard beat broooooo,0,0,0.272,0.728,0.0,-0.2183,Negative
@gamingofficial276,What a fucking song 🔥🔥🔥,0,0,0.0,1.0,0.0,0.0,Neutral
@morecash2967,This beat hypnotising me to fight with lions,0,0,0.271,0.729,0.0,-0.3818,Negative
@owaiz_mahol,90fps and this song 👿💯,1,0,0.0,1.0,0.0,0.0,Neutral
@mrjackliketoes,Song is in God level,1,0,0.0,0.656,0.344,0.2732,Positive
@mashrurnavan8249,I like this song,0,0,0.0,0.444,0.556,0.3612,Positive
@user-lt9qn8vr1l,What is the secret😂😂😂😂 I am just joking this is very best song in my opinion that I gives 100 out of 100,0,0,0.0,0.748,0.252,0.7501,Positive
@GamingZoneMine,This Song like A Lion 🦁 Sing,0,0,0.0,0.615,0.385,0.3612,Positive
@Viratarts5413,This is my favourite song,0,0,0.0,1.0,0.0,0.0,Neutral
@khushwindersingh6757,Suits best for Lucifer when Chloe started liking Pierce😭,0,2,0.0,0.504,0.496,0.7845,Positive
@towfik-pr6cs,the best  song,0,0,0.0,0.323,0.677,0.6369,Positive
@yeontanzeomma,"pov: your superstar idol lover turned into a psycho  mafia boss after you left him. <br>.<br>.<br>Yes, I am imagining Kim Taehyung&lt;3",0,0,0.0,0.826,0.174,0.5859,Positive
@mousasaeed5669,very cool,1,0,0.0,0.278,0.722,0.3804,Positive
@runa_devi67,That&#39;s the beat that I am finding for ....😎😎,2,0,0.0,1.0,0.0,0.0,Neutral
@enter10time,Is there any official video of it...???,0,0,0.0,1.0,0.0,0.0,Neutral
@pruthvirajdurgam5344,That beat was bitting me,1,0,0.0,1.0,0.0,0.0,Neutral
@socialbeat2587,"This beat brings me suicide. Just imaging in somewhere, in sometime, with or without someone that breaks our heart 😢",1,0,0.2,0.8,0.0,-0.6705,Negative
@bishnuvlogs0118,Beautiful music I like 🥰🥰🥰❤️🥵,0,0,0.0,0.238,0.762,0.7506,Positive
@saipranav434,"for <a href=""https://www.youtube.com/watch?v=w-xC8TDe2Js&amp;t=150"">2:30</a> min im feeling like a lagend ❤‍🔥",1,1,0.0,0.636,0.364,0.4588,Positive
@AmanuelTarekegn-yy7bb,This make me fill....,0,0,0.0,1.0,0.0,0.0,Neutral
@nabeelasajjad9288,Sigma level 😈,0,0,0.0,1.0,0.0,0.0,Neutral
@GWL-TROXIN,MAGIC BEAT ( I GOT THE SECRETS !),0,0,0.0,1.0,0.0,0.0,Neutral
@Hariomplayzxd,This song most very cool,0,0,0.0,0.582,0.418,0.4351,Positive
@t.k.sarfraz5435,Super👌👌👌👌👌🥰🥰🥰🥰,0,0,0.0,1.0,0.0,0.0,Neutral
@AsiaAsia-786,Op bro,1,0,0.0,1.0,0.0,0.0,Neutral
@alpha_editx,Best bet song ever😮😮,0,0,0.0,0.417,0.583,0.6369,Positive
@amirshaban4733,Sooo gang💣💣💣,1,0,0.0,1.0,0.0,0.0,Neutral
@amirshaban4733,The besttttt,0,0,0.0,1.0,0.0,0.0,Neutral
@aminathihya4235,"stop its, too cool",0,0,0.338,0.308,0.354,0.0258,Positive
@aniasisi367,Sow bueitiful❤❤,0,0,0.0,1.0,0.0,0.0,Neutral
@koshal230,Killer song⚠️🔗🥋✊💢⚡,0,0,0.811,0.189,0.0,-0.6486,Negative
@KKJ-yn3hn,Oh my god😩❤️,0,0,0.0,1.0,0.0,0.0,Neutral
@mrsaadgaming5249,Jerry here😍😍❤️❤️,0,0,0.0,1.0,0.0,0.0,Neutral
@sorif_khan,i am from🇧🇩,0,0,0.0,1.0,0.0,0.0,Neutral
@user-us6br7ku7x,best song,0,0,0.0,0.192,0.808,0.6369,Positive
@SupraCarsvidio,The lirix take me to another world🎉😊😊,0,0,0.0,1.0,0.0,0.0,Neutral
@worldofdrawing1639,The baddest song ever,0,0,0.0,1.0,0.0,0.0,Neutral
@bilalirshad9469,Very nice,0,0,0.0,0.244,0.756,0.4754,Positive
@EshanZx,Babyyyyyyyyyy Badddassss,0,0,0.0,1.0,0.0,0.0,Neutral
@arfathmohammad9617,play this song while driving car feel like a rocket 😈,0,0,0.0,0.588,0.412,0.5994,Positive
@bhavanasharma6089,"This music is very depressing, you started imagining and Overthinking which can lead u to depression",1,0,0.336,0.664,0.0,-0.7645,Negative
@Yt_dynu,This is Favorite,0,0,0.0,0.4,0.6,0.4588,Positive
@capturelifewithsuman1904,Yo! THAT LAFERRARI IS 😈😈🥶🥶🥶,0,0,0.0,1.0,0.0,0.0,Neutral
@aidanliu2033,Where is this on Spotify?!!,0,0,0.0,1.0,0.0,0.0,Neutral
@mbappe240,I&#39;m  like the song,1,0,0.0,0.545,0.455,0.3612,Positive
@ThisIsDoki,whats the name of the song? is it on spotify?,0,0,0.0,1.0,0.0,0.0,Neutral
@user-lt7vn2hq5f,Cheel Bro 👍🔪,0,0,0.0,1.0,0.0,0.0,Neutral
@shamsheruddinahmed6157,This is my very  very very  very very very very very very very very very very very very very favorite song,0,0,0.0,0.839,0.161,0.5907,Positive
@amlamin8107,EPICCCCCC,0,0,0.0,1.0,0.0,0.0,Neutral
@Klooda903,Secret nobody knows body knons<br>❤,0,0,0.0,1.0,0.0,0.0,Neutral
@vinodjangid7338,Top song,0,0,0.0,0.357,0.643,0.2023,Positive
