Author,Comment,LikeCount,ReplyCount,neg,neu,pos,compound,Label
@JackAJ,"Kya faid?  last me ussne -"" Thank you for  entertaining us"" bol diya 😂",12355,56,0.0,0.671,0.329,0.6597,Positive
@GamingWithDevil_official,"Impressing ❌
Embarassing ✅",1185,6,0.0,0.222,0.778,0.5423,Positive
@gwhawk01,"Le airhostess - ""HASTE CHEHRE KA MATLAB NAHI HAI KI DARD NAHI HOTA""😂😂",1198,2,0.0,1.0,0.0,0.0,Neutral
@roshanhayyat8469,Impressing❌flirting ✅,205,3,0.0,1.0,0.0,0.0,Neutral
@himanshuwinsome,Ye Plane Bus jaisa feel kyon de raha hai.😂😂😂😂😂😂,6765,62,0.0,1.0,0.0,0.0,Neutral
@Electrician_ShubhamG,Mujhe ni lgta ... flight se niche fekte hue shivam ko parachute mila hoga😂😂😂,2846,8,0.0,1.0,0.0,0.0,Neutral
@kunaldharamshi9461,lol she was literally blushing 😂😂,37,1,0.0,0.641,0.359,0.4215,Positive
@duniyakagamerz5740,Plane me bhi log bus ki tarah khade hokar jaate h kya!!? 😂😂😂,64,4,0.0,1.0,0.0,0.0,Neutral
@raj.k.2151,She wrote this just because they have to treat everyone well as they were trained,2867,15,0.0,0.73,0.27,0.5859,Positive
@Arunkumar-mt3eh,Maar khane ka scene nhi daala ?,2162,20,0.0,1.0,0.0,0.0,Neutral
@basoreteete8897,Legend always focus on goal😂,166,15,0.0,1.0,0.0,0.0,Neutral
@madhav279,In the starting of video my focus was on something else 😂😂😂😂😂❤,8,0,0.0,1.0,0.0,0.0,Neutral
@abmastergaming,Economy se business class lene ki ninja technique😂😂,981,2,0.0,1.0,0.0,0.0,Neutral
@shadowhunter5358,"The way he flirted she literally understood ""iska ye roz ka kaam hai""😂",93,0,0.091,0.909,0.0,-0.0516,Neutral
@RudrakshV,Harassment case Laughing in Corner 😂,1,0,0.361,0.309,0.33,-0.0772,Neutral
@coachajay15,Flight me bhe khade hoke Jana pad raha h 😂😂😂😂,1,0,0.0,1.0,0.0,0.0,Neutral
@NSJ24,did someone noticed how cute she is ✨,368,20,0.0,0.667,0.333,0.4588,Positive
@zindagirocks5535,"Air hostess - ruk teri kaamna poori karti hun , ye le zahar wala paani 😂😂",271,0,0.0,1.0,0.0,0.0,Neutral
@sihya9602,Yevadra vedu bhale chestadu vdos 😂❤😂❤🎉,6,0,0.0,1.0,0.0,0.0,Neutral
@bultibanik4592,Who watched this more than 1000 time 😂😂,8,2,0.0,1.0,0.0,0.0,Neutral
@IamAbhishekGurjar,"Bhai paad sungte hue bhi flirt kar raha
Salute 😅",503,12,0.0,1.0,0.0,0.0,Neutral
@totalstatusupload,Last scene thanks for entertaining us she thought he was a joker 😂.,83,0,0.0,0.552,0.448,0.743,Positive
@rohansapate3890,"Impressing ❌
Entertaining ✅",1,0,0.0,0.0,1.0,0.7506,Positive
@bishonijmbho5838,"such main aap bahut funny ho bhaiya
jha bhi jate ho छा jate ho bhaiya
kyoki you are the best youtuber in the world 🌎❤🙂",3,0,0.0,0.764,0.236,0.7964,Positive
@gamingwithpryansh6236,"Omegle:2009 
People before 2009 💀",49,0,0.0,1.0,0.0,0.0,Neutral
@titutitukumar9758,Tamkeen ji ko kis kis ne notice kiya jo ki Goldy bhai ji ke saath videos bnate the 😍😍💗💗,37,3,0.0,1.0,0.0,0.0,Neutral
@Waaaht,Ayeeee hayeeee ❤😂 she's blushing,1,0,0.0,1.0,0.0,0.0,Neutral
@RamLal-ru8yw,Ye airhostess sauth ki kajol actor jesi dikhati hai 😊😊😊😂😂😅❤❤❤❤❤❤❤❤❤❤❤❤❤,1,0,0.0,1.0,0.0,0.0,Neutral
@Midgamer09,Extra Smile for good hand writing 😂😂😂😂,17,0,0.0,0.317,0.683,0.8225,Positive
@amanatbatwalevestige1487,One of the most touching video...she was awesome,5,0,0.0,0.631,0.369,0.6249,Positive
@HarshSoni-mf8ui,"Expectations: Become her boyfriend ❌
Reality : entertainment ka bakra✅
😂😂",1,0,0.0,0.741,0.259,0.4215,Positive
@anjeeldogra654,Bhai ye plan hai ki hamari local bus sab khade hain 😂😂,1,0,0.0,1.0,0.0,0.0,Neutral
@PG_buddy,Khatarnak  Bhai maje bandeye😂😂😂😂❤❤❤,16,1,0.0,1.0,0.0,0.0,Neutral
@aaryamansingh3473,He say single to us  in thousand ways....🙂🙂,15,0,0.0,0.692,0.308,0.5994,Positive
@aaryamansingh3473,Air hostess like :- Umm humm naughty hora ha naughty hora .... 💀💀,28,0,0.0,0.692,0.308,0.5994,Positive
@thecaferacer195,You made her day buddy ❤😂,0,0,0.0,1.0,0.0,0.0,Neutral
@amanuday5206,Bhai par mujhe kuch or hi dikh raha hai😂😂😂😂😂,61,3,0.0,1.0,0.0,0.0,Neutral
@SujayRoy-cf9mv,Chup bilkul chup 😂,235,14,0.0,1.0,0.0,0.0,Neutral
@RRANAND-ke5rq,Bhai full vedio lao❤maja aa gaya 😂,5,0,0.0,1.0,0.0,0.0,Neutral
@FEARLESS_GAMING839,"Shivam bhai in his horror channel :☠️💀☠️
Shivam bhai in reality :",7,0,0.27,0.73,0.0,-0.5719,Negative
@MERA_BAAP_0,Pyar ho gaya bhai ko 😂,2,0,0.0,1.0,0.0,0.0,Neutral
@akshittakiar2048,Archaeologists are still digging for his self respect,81,3,0.0,0.693,0.307,0.4767,Positive
@gksquad2024,She is blushing 😂,2,0,0.0,1.0,0.0,0.0,Neutral
@ayandebnath321,That's called a smooth performance ❤🎉😅😅,0,0,0.0,1.0,0.0,0.0,Neutral
@sibu-25,What a smile yaar. koi bhi insaan pighal jayega❤❤❤,9,0,0.0,0.737,0.263,0.3612,Positive
@rishikumarvarnwal8661,Bhaiya paper dete time ki video nhi dikhayi bas ek pic dikh di kyuki uske pichhe no. hoga😂😂😂😂😂,3,0,0.115,0.885,0.0,-0.296,Negative
@Sknazim5,"""me gira hoya banda jama nich baliye"" fits here 😂",0,0,0.0,1.0,0.0,0.0,Neutral
@anishchandwani4418,Sab notice kr liya par letter ki date me 7 ulta tha wo kisi ne notice nhi kiya,6,1,0.0,1.0,0.0,0.0,Neutral
@ashishkumarsingh9958,Pta tha..ek n ek din iska chhapripn bahar aayega 😂,15,0,0.0,1.0,0.0,0.0,Neutral
@312chhedakushal6,Omegle band ho gaya isiliye naya dhanada suru karna ka soch rahe ho😂😂,7,0,0.0,1.0,0.0,0.0,Neutral
@bhasmasurgaming9656,"Flirting❌
Harrasment ✅",1,0,0.0,1.0,0.0,0.0,Neutral
@Itzshabiart,Waah new love story 😂😂❤❤❤😊😊😊😊,1,0,0.0,0.488,0.512,0.6369,Positive
@dr.strange2080,Bich raste me utar diya bhai ko😂,19,2,0.0,1.0,0.0,0.0,Neutral
@Yash_kolte,Bhai airplanes me bhi log khade khade ja sakte hai kya 😂😂😂,2,0,0.0,1.0,0.0,0.0,Neutral
@sachinprajapati1277,I wish she contact you somehow 😂😂,35,2,0.0,0.649,0.351,0.4019,Positive
@rockgamersky9922,Vo to thik ha par palane ma mara tha ya utar na ka bad😂😂😂,6,0,0.0,0.844,0.156,0.34,Positive
@bts_forever743,Bhai ki hasi badi kamal ki hai or jo shoot kar raha hai na uniki to bohot ❤❤❤❤❤❤luv you bhyyia,0,0,0.112,0.888,0.0,-0.34,Negative
@rakeshbhorasiya8897,Respect air hostess ❤,1,0,0.0,0.392,0.608,0.4767,Positive
@a_wiseman.,"Bhavna
Dob:-24 September 1999",3,0,0.0,1.0,0.0,0.0,Neutral
@YashKumar-xe3ke,Kitti cute hai yaar❤,0,0,0.0,0.5,0.5,0.4588,Positive
@nayansyam4395,Shivam Bhai aaise hi bana Karo video maje aate hai,0,0,0.0,1.0,0.0,0.0,Neutral
@prashantpareek3824,वोल्वो बस में बैठकर स्क्रीप्टेड वीडियो बनाया गया है 🤣🤣🤣,6,0,0.0,1.0,0.0,0.0,Neutral
@trnd4u,"Bhai itta hi shoot Kiya tha kya ?
Long video v dal do",3,0,0.194,0.806,0.0,-0.34,Negative
@HINDUISM93,Shivam Bhai Naughty ho rahe ho 😂,0,0,0.0,1.0,0.0,0.0,Neutral
@grazontv7164,Ye cameraman harr jage sabse jyada maja kyu leta hai😅😂,1,0,0.0,1.0,0.0,0.0,Neutral
@kidsworld20356,*Ye 100% viral jayega* 😮,3,0,0.0,1.0,0.0,0.0,Neutral
@utkarshpatkar,Bhai asai vedio banao plz 😎😎,33,0,0.0,0.794,0.206,0.0772,Positive
@omkarkarhale2974,"Shivam be like :- 
Yaar ye kitni Ausam hai yaar😅😅",0,0,0.0,0.783,0.217,0.3612,Positive
@yogeshsaini6924,"मुस्कुराना हर लड़की की अदा है... 
जो उसे प्यार समझे वो सबसे बड़ा गधा है 
                                                    ~ Khan Sir 😎",1,0,0.0,1.0,0.0,0.0,Neutral
@boltgamer871,Ye plan h ya bus 😅😅😅😅,5,0,0.0,1.0,0.0,0.0,Neutral
@Rohitkrsaw,Flight mein bhi log khade hokar jate hai 😂,12,1,0.0,1.0,0.0,0.0,Neutral
@knupriyachouhan1973,Thank you for entertaining us 😂😂😂😂,0,0,0.0,0.426,0.574,0.6597,Positive
@krishsrivastava7869,Naughty hora hai banda😂😂,1,0,0.0,1.0,0.0,0.0,Neutral
@LONE_YT_SHU,Phir bh number nhi mila 😂😂😂,7,0,0.0,0.794,0.206,0.0772,Positive
@barunkumar2786,Bhut achi smile 😊hai...she is sweet,3,0,0.0,0.421,0.579,0.6705,Positive
@deshu9597,शुरू में अय हय ❤ और लास्ट में  bye bye 😂😂 moy moy moy moy 😅😅😅 🤣😅😅😅😅,1,0,0.0,1.0,0.0,0.0,Neutral
@rohanrathore1448,"Shivam bhai aap to idhar bhi chha gye 
        Bahut achchi acting kar lete ho 😂😂",0,0,0.0,1.0,0.0,0.0,Neutral
@Daddy387,Bai ye note dusre side dekh vaha number be hai💀💀,14,1,0.0,0.874,0.126,0.0772,Positive
@Outofsampark11,The youth isnt going on right direction.,8,0,0.0,1.0,0.0,0.0,Neutral
@MaheshGaming-qf4tp,Bhai gajab yaar me uski smile hi dekh raha tha yaar kini cute he o ❤❤😅😮,7,0,0.0,0.703,0.297,0.6705,Positive
@viratspeaks265,Maar khane wala video Air hostess ke vlog me milega 🤣🤣,1,0,0.0,1.0,0.0,0.0,Neutral
@ARVINDKUMAR-nb6cd,"Maze maze main case nhi na karde, impressing ❌jhaad rha hai ✅😂😂",0,0,0.0,0.759,0.241,0.5423,Positive
@chandra3293,"Chhaprigiri mat karo yr.,...uski naukri hai issliye has rhi ....ni to publicly aeai cheap harkate kar ra...koi ladki impress na hoti iss se",14,8,0.0,0.884,0.116,0.4404,Positive
@hindustangas2532,First time deakha plane me bi log khade ho kar jate hai..kya zamana hai😂😂😂,1,0,0.0,1.0,0.0,0.0,Neutral
@joshiprashant007,"200k Subscribers the, is like Thanks mila, else Warning mil jaati DGCA se 😅😂",2,0,0.128,0.585,0.287,0.4588,Positive
@user-yg5ge3ic5c,Impressing❌mahila helpline✅,1,0,0.0,1.0,0.0,0.0,Neutral
@flyboyknoty...3187,Don't mess with the Flight Crew. They have an important job in aviation. Keep the glamour aspect outside the aeroplane...,0,0,0.0,0.699,0.301,0.7438,Positive
@funwithmanvik1479,Are bhai kasam se op bro😂😂😂😂,0,0,0.0,1.0,0.0,0.0,Neutral
@nikZocovers,She got ENTERTAINED🗿,0,0,0.0,1.0,0.0,0.0,Neutral
@mayurkoli4722,"Yeh to wahi he na
Jiske sabhi gharwalo ko bhoot dikhte he 😂😂",1,0,0.0,1.0,0.0,0.0,Neutral
@ukilroy53,Just Amazing! ❤️🌺❤️🇧🇩,0,0,0.0,0.328,0.672,0.6239,Positive
@cringeroaster7809,Meanwhile his mom watching this 😂,1,0,0.0,1.0,0.0,0.0,Neutral
@preetiyadav5513,Boys like these are rare.❤,0,1,0.0,0.615,0.385,0.3612,Positive
@kamleshpatil6299,Swarali naam hai us airhostess ka dikhne me bahot cute bhi hai❤😍,0,0,0.0,0.786,0.214,0.4588,Positive
@AyushGupta01201,Ye flight kam train ka general compartment jyada lag raha hai 😂😂,0,0,0.179,0.821,0.0,-0.34,Negative
@mrinmaydas1946,Yah bhi aap toh khel gaye 😂,0,0,0.0,1.0,0.0,0.0,Neutral
@ashapoojary3501,Her smile was just enough for he,0,0,0.0,0.706,0.294,0.3612,Positive
@Gyani_withme143,Aunty be like= yha toh chor do yaar😂😂,1,0,0.0,1.0,0.0,0.0,Neutral
@wind1329,Bro became a rizzler👽,0,0,0.0,1.0,0.0,0.0,Neutral
@Asbimusic8105,She is. Totally impressed 😂😂,0,0,0.0,0.541,0.459,0.5256,Positive
@Arush804,Tissue paper par date notice karne vale like karo 😅,1,0,0.0,0.762,0.238,0.3612,Positive
@user-ni8lj3uj1k,Khudi toh nahi lekin shivam bhai ka dekh ke maja agaya😂,0,0,0.0,1.0,0.0,0.0,Neutral
@vishakhapatil8514,Ye plane kam local train jyada lag rhi he🤣🤣,0,0,0.231,0.769,0.0,-0.34,Negative
@I_Am_Rohit_45,Bhaiya lagta hai apke pyaar mai gir gyi😁😉,0,0,0.0,1.0,0.0,0.0,Neutral
@pinkishaw4190,Esa confedense mujhe bhi chahiye 😢😂😂😂😂😂😂😂,0,0,0.0,1.0,0.0,0.0,Neutral
@mrpubg1604,When he showed his teeth he was looking sooo cute❤,0,0,0.0,1.0,0.0,0.0,Neutral
@abtherukh2092,Zeher Dena tha 😂,0,0,0.0,1.0,0.0,0.0,Neutral
@VISHALKUMAR-qy3mb,Next level Flutering skills,0,0,0.0,1.0,0.0,0.0,Neutral
@gauharsheikh7578,Kacha badam<br>By the way air hostess is so sweet 😊❤,0,0,0.0,0.7,0.3,0.5949,Positive
@DarshanSinhRathod,Full video daal bhai😅,0,0,0.0,1.0,0.0,0.0,Neutral
@nainagiri4790,Air hostess is so cute😊,1,0,0.0,1.0,0.0,0.0,Neutral
@Factsfactory192,Arey Raja ji Raja ji😂,1,0,0.0,1.0,0.0,0.0,Neutral
@Dakisna,Koe shivam bhai ke papa ko flight me baithao 😂aur maja ayega 💀😂😂,0,0,0.0,1.0,0.0,0.0,Neutral
@shreyashkumare8121,She is actually cute 🥰🥰🥰🥰🥰🥰🥰,0,0,0.0,0.571,0.429,0.4588,Positive
@hridoyhasanniloy8049,themble দেখে ভাবসিলাম রাফসান দা ছোট ভাই😂😂,0,0,0.0,1.0,0.0,0.0,Neutral
@priyankathakur1000,Ab flight Mai bi bus jaise kade rehne lg gya😂😂😂,0,0,0.0,1.0,0.0,0.0,Neutral
@FailedGamer13,Thanku bhai sikhane ke liye,1,0,0.0,1.0,0.0,0.0,Neutral
@sumanbarman2477,Line marne ka naya tarika😂,0,0,0.0,1.0,0.0,0.0,Neutral
@SAURABHKUMAR-oy3nh,Pitayii jo hui wo video toh daalo bro😅,0,0,0.0,1.0,0.0,0.0,Neutral
@shailesh4831,Mai q itna khus ho rha hu 😂😂,0,0,0.0,1.0,0.0,0.0,Neutral
@bit_toxic,Bhai ko comedian zone kr dia 😂,0,0,0.0,0.658,0.342,0.3818,Positive
@kirltokirlto181,cute hai yr😂❤,0,0,0.0,0.4,0.6,0.4588,Positive
@Respect_Mania_,Lagta h bhabhi apke pyaar mein gir gyi h❤❤😂😂,1,0,0.0,1.0,0.0,0.0,Neutral
@zakirahmed7594,Ek ko line mara toh sare cabin crew mil ke reply diya.....😂😂,0,0,0.0,1.0,0.0,0.0,Neutral
@aminajeelani1356,Hassi toh fassi😂😂😂😂,0,0,0.0,1.0,0.0,0.0,Neutral
@GAmiNg_ToXic_,Bro be like* number kyu nhi diya yarr😅,0,0,0.0,0.843,0.157,0.0772,Positive
@kk_mohammed143,That&#39;s a real feeling of entertainment 😂 with use tissue paper😂,0,0,0.0,0.619,0.381,0.5106,Positive
@pratikmahajan4337,Aeroplane kaam Bus jyada lagra hai 😂😂,0,0,0.0,1.0,0.0,0.0,Neutral
@Ammu_ff34655,Flight mai kada kyu hai sablog 😂😂😂😂😂😂 lol,1,0,0.0,0.714,0.286,0.4215,Positive
@sanatanihindu383,Vo toh baijjati kar gyi 😂😂😂,0,0,0.0,1.0,0.0,0.0,Neutral
@a.tiwari3420,बस ट्रेन में खड़े होते हुए देखा था 😂😂😂इतनी जनसंख्या हो गई है की आप एरोप्लेन में भी खड़े होके जाते है 😅,5,1,0.0,1.0,0.0,0.0,Neutral
@user-nt4dg7cd6n,Galti Se hath na lag jae bhai 😂😂😂😂😂,0,0,0.255,0.745,0.0,-0.34,Negative
@ytfan4238,Bhai kabhi shivam content ke chakkar mai flight se band hoga 😂,0,0,0.0,1.0,0.0,0.0,Neutral
@zermova,Hostess be like :naughty boy line mar raha ho  😂😂,0,0,0.0,0.762,0.238,0.3612,Positive
@zermova,Hostess be like: naughty boy line mar raha ho,0,0,0.0,0.762,0.238,0.3612,Positive
@rajeshverma-ui5mw,paani deke boli ye lijiye bhaiya😂😂😂,0,0,0.0,1.0,0.0,0.0,Neutral
@user-wl3td4gw4n,To pija jahar kishna rokaa hai 😂,1,0,0.0,1.0,0.0,0.0,Neutral
@taraktara7044,Xxxxxxxxxlent feeling s bro. All the best👍💯,0,0,0.0,0.769,0.231,0.128,Positive
@omprakash111100,Are bhai naughty ho rahe hai😂,0,0,0.0,1.0,0.0,0.0,Neutral
@veronfx,Ye konse line pe aagye aap bhaiya 😂,0,0,0.0,1.0,0.0,0.0,Neutral
@ShotuBhaiyaGaming,Bhai bas Aisa hi confidence chaiye,0,0,0.0,0.602,0.398,0.5106,Positive
@user-qp3jm8li2g,Inko train mai ban kiya to plane mai shuru ho gai video banake rahege😂,1,0,0.217,0.783,0.0,-0.5574,Negative
@bankersaddaofficial,Isse aage Wale stop pe utaar deina bda 😎 swag maar rha...😂,0,0,0.18,0.82,0.0,-0.296,Negative
@vidhirajak7421,RAJA JI BADE TEJ HO RAHE HO 😂😂😅,0,0,0.0,1.0,0.0,0.0,Neutral
@pushparaj7995,How many of you notice last girl smiling besides shivam she was tamkin Khan previously seen in reels with golden boy,1,0,0.0,0.87,0.13,0.4588,Positive
@rithwikch,Bhai last me <br><br>Binod ban gaya😂😂,0,0,0.419,0.581,0.0,-0.5574,Negative
@Xenon77,Bhai sachme air hostess kitni discipline cute hoti hai,0,0,0.0,0.727,0.273,0.4588,Positive
@official__huzaifa__313,Who&#39;s notice &quot;Namkeen khan&quot; laughing in corner 😂😂😂😂😂,0,0,0.0,0.686,0.314,0.4939,Positive
@adeeshshetty1952,Bhai captain dekh raha hai sabh. Bahar phek dega😂,0,0,0.0,1.0,0.0,0.0,Neutral
@rahulkr.rahoovlogs,In the end she shows her business model😂,0,0,0.0,1.0,0.0,0.0,Neutral
@RohitGoyal-bk3zf,Ninja technique 😂😂,0,0,0.0,1.0,0.0,0.0,Neutral
@Monster_Guy-op6nr,Omegle was launched in 2009<br>People in 2008:,1,0,0.0,0.8,0.2,0.128,Positive
@walker81383,Kitni cute ❤,0,0,0.0,0.25,0.75,0.4588,Positive
@jeevarajharidas9812,Kaun sa flight me log kaade hoote Hai bhai 🤣😂😛😜🤪😝,0,0,0.0,1.0,0.0,0.0,Neutral
@jeevarajharidas9812,Kaun sa flight me log kaafe hoote Hai bhai 🤣😂😛😜🤪😝,0,0,0.0,1.0,0.0,0.0,Neutral
@amlayankumardas937,Kitna daring ho aap 😂😂😂 flight ke ander itne sare passengers ke samne airhostess ko aise baat boli ki woh sharma gai...🥰🥰🥰 aap doge na to paani kya zahar bhi pee lunga mein 😚😚😚,0,0,0.0,0.93,0.07,0.3612,Positive
@mohsinkevlogs,Last me golden boy ki girlfriend lag rahi hai😊,0,0,0.231,0.769,0.0,-0.34,Negative
@user-zk9wy1id3y,Inko tum jeso se deal karne ki training di jati hai 😂😂😂,0,0,0.0,1.0,0.0,0.0,Neutral
@HarmanSingh-bw5ed,Flight ko delhi metro bna diya <br>Customers khde hoke ja rhe hai 😅,0,0,0.0,1.0,0.0,0.0,Neutral
@nituraazkashyap8502,Camera action thoda casual hai 😎,0,0,0.0,0.69,0.31,0.2023,Positive
@nikhilpatel151,Legends  focus on goal,1,0,0.0,1.0,0.0,0.0,Neutral
@jeetupharma,Good to see you on here Shivam,0,0,0.0,0.674,0.326,0.4404,Positive
@shashishekhar7350,Shivam bhai ghar se note likh kr laya tha 😅,0,0,0.0,1.0,0.0,0.0,Neutral
@shubhamsshrma,Your flirting is as smooth as a village road after years of rain and sun,0,0,0.0,0.878,0.122,0.2023,Positive
@riteshvashist7327,Pahali plane dekhi h jisme bus ki feeling aa rhi h..😂😂,0,0,0.0,0.857,0.143,0.128,Positive
@mdnafiz5669,Joker bana diya ladki ne. Bejati kardi😂😂,0,0,0.0,0.8,0.2,0.128,Positive
@SumitKumar-wh9rh,Plain ka hal to pessanger train jesa ho gya 😂😂😂😂,0,0,0.0,1.0,0.0,0.0,Neutral
@carahul2955,Usne tujhe &quot;planezone&quot; kar diya 😂😂,0,0,0.0,1.0,0.0,0.0,Neutral
@bhaskarsonber1403,his beautiful note ki her beautiful note bhai😂😂,0,0,0.0,0.435,0.565,0.8316,Positive
@khushivanam2762,Dhyan to Yogesh Sharma pe tha mera to 😅😅,0,0,0.0,1.0,0.0,0.0,Neutral
@adityasharm,Haha 😂😂😂 bahut achha 🤗,0,0,0.0,0.5,0.5,0.4588,Positive
@jasimhussain9493,Kya faida hua ussne last ye boldiya<br><br>Thank you for flying indigo<br>It was a real pleasure <br>Having you all on board with us today.hope to see soon<br>Thank you so much for entertaining uss.<br>Regards..anshu.swarli shubhrabhyati.,0,0,0.0,0.814,0.186,0.7823,Positive
@Kashif-ov6ks,Indirectly bhaiyya bol ke chale gaii 🙂,0,0,0.0,1.0,0.0,0.0,Neutral
@Sakunahere,Flight me bhi log aise khare Hein jese bus me hota 😂😂😂,0,0,0.0,1.0,0.0,0.0,Neutral
@ravikumardiwakar496,Shivam Bhai ❤mauj kardi❤😊,0,0,0.0,1.0,0.0,0.0,Neutral
@ARYAN_SHARMA-65,Air hostage..... Impress karne la tarika thoda casual hai 😅😅,0,0,0.0,0.63,0.37,0.5719,Positive
@Dkk889,Ye aircraft wali ladkiya hmesha etni cute kyun hoti hai yaaar ☺️,0,0,0.0,0.786,0.214,0.4588,Positive
@ziomama8549,The air hostage  is রাফসান দ্যা ছোট ভাই Female version 😂😂,0,0,0.0,1.0,0.0,0.0,Neutral
@shankarkarki7133,Abey uska matlab- &quot;Thank your for entertaining us joker😂😂&quot; tha😂,0,0,0.0,0.756,0.244,0.4404,Positive
@ROHIT-by2io,Lgta h aapke pyaar me gir gyi bhai.. 🤣🤣,0,0,0.0,1.0,0.0,0.0,Neutral
@abyluv12,Chaapri gang ka aur ek best example,1,0,0.0,0.588,0.412,0.6369,Positive
@Priyankachoudhary6842,Hum soch rhe the ki bus me hi khde rhte h😅😅,0,0,0.0,1.0,0.0,0.0,Neutral
@RatanRegar-lp8uc,Ye airhostess to sauth ki kajol jesi dikhti hai 😅😅,1,0,0.0,1.0,0.0,0.0,Neutral
@techconnection6462,Plan ko bhi sarkari bus banadiya 😂,0,0,0.0,1.0,0.0,0.0,Neutral
@karaniyer145,Bro got that tissue rizz,0,0,0.0,1.0,0.0,0.0,Neutral
@pr47ik,Dekh kar has rahi thi .. Has Kar Nahi Dekh Rahi Dada .. Yahi To Dikkat hai .. 🗿,1,0,0.0,1.0,0.0,0.0,Neutral
@deepakhem,Beta acche se pitaai hogi agar wo offend ho gayi....😂😂😂😂,0,0,0.196,0.804,0.0,-0.296,Negative
@RG.750,Bas esa hi confidence chaiye,0,0,0.0,0.548,0.452,0.5106,Positive
@-iq7vw,Jo bhi  bolo  ye  video   bhot  romantic  hain ❤🎉,0,0,0.0,0.748,0.252,0.4019,Positive
@amitsehrawat5628,Zeher hii Dede osse😂😂😂😂,0,0,0.0,1.0,0.0,0.0,Neutral
@Chirag_20,"❤ सही में भी यही सोच रहा था,,की bus,🚎,जैसा plane है,,,<br>plane नही है ये studio है,,",0,0,0.0,1.0,0.0,0.0,Neutral
@safeerlakho485,Mera kissi or cheez par focus tha😂,0,0,0.0,1.0,0.0,0.0,Neutral
@shekharmahadik8058,Video camera script sab ready hain 😂😂😂,0,0,0.0,0.706,0.294,0.3612,Positive
@rajput89527,isse kehte hain tuche insan...jinhone pehli baar kuch dekha hota hain.,0,0,0.0,1.0,0.0,0.0,Neutral
@samgaminglivee,hme to kuch or impressed kr gia 😅,0,0,0.0,0.659,0.341,0.4767,Positive
@sunitasrivastava7154,Bhaiya fir se milna chahti hai didi aapse likhi hai see you soon❤,0,0,0.0,1.0,0.0,0.0,Neutral
@arnav_negi2005,Bhai kissi din itna pitega ki haame maza ayega 😂😂😂😂,1,0,0.0,1.0,0.0,0.0,Neutral
@Nelsonsanatani706,Uski smile kamal ki thi,0,0,0.0,0.615,0.385,0.3612,Positive
@assaultergaming2291,Plane mein bhi seat nhi h ab to khade hoke jaana pad rha h Air hostess ko 😢,1,0,0.0,1.0,0.0,0.0,Neutral
@sahilsachdeva5303,Kaha se laate ho itna Confidence.. 😂,0,0,0.0,1.0,0.0,0.0,Neutral
@sam_926,Flight me b Bheed 😂,0,0,0.0,1.0,0.0,0.0,Neutral
@Manprit-mz6kw,Yr plane me bhi khda hokar Jana padta hi 😂😂😂😂😂,0,0,0.0,1.0,0.0,0.0,Neutral
@sanjayvaishnav5187,Ye konsi flight h jisne khade khade za rhe h 😂😂😂,0,0,0.0,1.0,0.0,0.0,Neutral
@nitins3801,End me tujhe 🤡 bol gyi 😂,0,0,0.0,1.0,0.0,0.0,Neutral
@muskananand...,Boys will be boys😂😂,1,0,0.0,1.0,0.0,0.0,Neutral
@Abid_Noor_21,Flight may log khare b rehte hain😅😅,0,0,0.0,1.0,0.0,0.0,Neutral
@CocoMint69,Bro simply making Her uncomfortable,1,0,0.394,0.606,0.0,-0.3818,Negative
@Subhamdebnath2.0,Bahut Tej ho rahe ho😂😂,0,0,0.0,1.0,0.0,0.0,Neutral
@Krishna-lr8fd,Sigma male attandance...<br>👇👇👇👇👇👇👇👇👇,2,0,0.0,1.0,0.0,0.0,Neutral
@STRANGER1291,Bs itna confidence chaiye zindagi mein,0,0,0.0,0.602,0.398,0.5106,Positive
@memernature7075,Ye flight ha ya Metro 😂😂😂,0,0,0.0,0.676,0.324,0.34,Positive
@MMGGGGAAMMEERRAS555,बाद में एयर होस्टेस ने इसी आदमी को गेट से गिरा दिया😅😂😂😂😂,0,0,0.0,1.0,0.0,0.0,Neutral
@Btw____,Bas Yahi confidence chahiye 😫,0,0,0.0,0.476,0.524,0.5106,Positive
@100xgaming3,Bhai ne kafi adjust kr ke video banaya hai 😂😂😂.samjhe ki nhi ???😂😂,0,0,0.0,1.0,0.0,0.0,Neutral
@user-iu3ud2gf6e,i really like that Hosstes<br>❤😊,0,0,0.0,0.518,0.482,0.4201,Positive
@venom1101,Maine bhi same kiya tha ek air hostess ko... Kal mujhe tihar jail shift kar rahe hai,1,0,0.0,1.0,0.0,0.0,Neutral
@user-sambitmishra865,Indian air hostess are so cute 🥰,0,0,0.0,0.564,0.436,0.5949,Positive
@kittensarelove,"Being a cabin crew. I can say, she must have noted his seat number, informed other crew members and they all must be making fun because they encounter such people daily. And they forget after flight.",0,0,0.051,0.827,0.123,0.4019,Positive
@aryanrao7395,Bhai bhabhi mile gayi 😂😂,0,0,0.0,1.0,0.0,0.0,Neutral
@sagarpatade7099,That Aunty in between be like: why the fuck I&#39;m here. 😂😂😂,0,0,0.219,0.625,0.156,-0.25,Negative
@umarhayatkhansaab4516,Impressing nahi yeh flirting hai😅,0,0,0.0,0.361,0.639,0.6486,Positive
@genz3779,Anyway but i love her handwriting 😂😂,0,0,0.0,0.463,0.537,0.7783,Positive
@ExSamLr,She was clearly blushing,0,0,0.0,0.526,0.474,0.4019,Positive
@RaceAbhiBaakiHai,Omegle Invented In 20s 🎉<br><br>People Before 20s 😂😂❤🎉,0,0,0.0,1.0,0.0,0.0,Neutral
@RahulSaini-ve9fj,Mera dhyan to khi or hi tha 😂😂😂😂,0,0,0.0,1.0,0.0,0.0,Neutral
@suryansh_ji,Bas le gai le gai dil le gai le gai laga do your Omegle is ready 😂,0,0,0.0,0.857,0.143,0.3612,Positive
@dhiman9292,Agar iske baap ne ye video dekhli tera dil bahar nikal dega 😂😂😂,0,0,0.0,1.0,0.0,0.0,Neutral
@nilesh1391,Bhai nay new topic launch kiya<br>Videos with air hostage,0,0,0.0,1.0,0.0,0.0,Neutral
@gamefun9605,"Bhai,, प्लेन में यात्री खड़े होके सफर कर रहे थे क़्या 👍🏻😊",0,0,0.0,1.0,0.0,0.0,Neutral
@Hindurajjayja,Bhai le k hi manega😂,0,0,0.0,1.0,0.0,0.0,Neutral
@rashidraza972,Chote bacche sb v aj kal flight kya krne lage h 😂😂😂,0,0,0.0,1.0,0.0,0.0,Neutral
@abeyroy911,Tamkin beathi hai saath main 😅,1,0,0.0,1.0,0.0,0.0,Neutral
@Mehfilofshayar,Bhai flight me bhi khade hoke Janaadta h kya😂,0,0,0.0,1.0,0.0,0.0,Neutral
@AjayMaxx7,Flight konsi bhai???😂😂,0,0,0.0,1.0,0.0,0.0,Neutral
@ItzWaamu007,Arreh maiyaa..... Iss flight hostess ke saath mei bhi Safar kr Chuka hu 😮,0,0,0.0,1.0,0.0,0.0,Neutral
@ravichander991,Aeroplane ❌ bus jaisi bhid 😂,1,0,0.0,1.0,0.0,0.0,Neutral
@Heeidntknowhehe,Legend focus in starting part😁,0,0,0.0,1.0,0.0,0.0,Neutral
@Subhankhann2710,Plane ha ki bus logg khade hain😅,0,0,0.0,0.714,0.286,0.34,Positive
@beastgamer7697,Bhaiya mere bade bhaiya ka name bhi Shivam hai or vo aap ke jayse hi hai😂😂😂😂😂😂😂😂😂😂😂😂😂😂😂😂,0,0,0.0,1.0,0.0,0.0,Neutral
@koshendrakumar2276,Bhai kyea flight mai bhi khade hoke jana pdta h 😂😂😂,0,0,0.0,1.0,0.0,0.0,Neutral
@Hurriyatulla,"Bhooto ki kahani sunaate sunaate banda , yakshini se flirt karne lag gya 😂😂😂😂😂😂😂",0,0,0.167,0.833,0.0,-0.34,Negative
@krishnapalofficial-ef6kl,Kitni osm hai ye 😍,0,0,0.0,1.0,0.0,0.0,Neutral
@sarthakgupta340,Bhai ladki cute toh h😍😍,0,0,0.0,0.571,0.429,0.4588,Positive
@user-xw3xc3gb5r,Vai thora fair and handsome lagaloo😂😂😂,0,0,0.0,0.421,0.579,0.6705,Positive
@aheteshamkhan15,ये बस की कंडेक्टर तो बहोत अछी दिख रही है हमारे गाँव का कंडेक्टर तो अब तक 6 बार गुटका खा के खिड़की से थूक दिया होता 😂😂😂,1,0,0.0,1.0,0.0,0.0,Neutral
@bhairavjain1309,Koi baat nahi.. isko ek packet zeher hi dedo🤷🏻‍♂️🤷🏻‍♂️,0,0,0.0,1.0,0.0,0.0,Neutral
@manishsahani7383,Isleye flight ticket sasti nhi honi chahiye thi koi bhi chal deta hai Aaj kal 😅,0,0,0.0,1.0,0.0,0.0,Neutral
@pzTyrannoz,"Flight me bi site nai milti he kya 🤔😁 meko laga ki sirf bus, train me hi nai milti he lekin........😅",0,0,0.0,1.0,0.0,0.0,Neutral
@rupamkumari3636,Agar shivam bhai ka ghar walo ko mil gya toh kya hoga 😅😅,0,0,0.0,1.0,0.0,0.0,Neutral
@savitasingh-vq9vf,Everyone reading note but I was shock seeing her beautiful handwriting,0,0,0.203,0.478,0.319,0.4497,Positive
@WajidQureshi-xh9ku,Log khade kyu Hain ye bus ha ya plane 🤔😂,0,0,0.0,0.789,0.211,0.34,Positive
@Shruti..280,thamkeem di hai inke sath...❤,0,0,0.0,1.0,0.0,0.0,Neutral
@gunjanarya132,Practice makes  men perfect,0,0,0.0,0.448,0.552,0.5719,Positive
@MrGudduFacts,Par Tamkeen khan Yaha Kaise😅😂,0,0,0.0,1.0,0.0,0.0,Neutral
@PiyushBossProductions,Next scene me Bhai ko plane se bahar fek diya tha captain ne 💀🗿,0,0,0.0,1.0,0.0,0.0,Neutral
@amongus203,If this wasn&#39;t recorded it should be considered Harrasment. I&#39;d not like someone to creep me out like that!,0,0,0.21,0.79,0.0,-0.5442,Negative
@yogeshjatav533,Impressing❌️ harassing✅️,0,0,0.0,1.0,0.0,0.0,Neutral
@gamingwithleo6844,Legends focus in goal,0,0,0.0,1.0,0.0,0.0,Neutral
@user-yg3jy1sh3f,"Muskurana hr ldki ki ada hai, <br>Jo ise pyaar smjhe wo sbse bda gadha hai😹😹😹😹",0,0,0.0,1.0,0.0,0.0,Neutral
@AryanYadav-oj9fj,"AAP♥️ AUR TAMKEEN💖 SATH M THE,? <br>ISLIYE AAPKO EK VIDEO TO BNANA THA BHAI ❤❤❤❤❤❤",0,0,0.0,1.0,0.0,0.0,Neutral
@AkashBhatti15,Bhai kya or legend&#39;s b meri tara kuch or hi dekh ry hain 👀😅,0,0,0.0,1.0,0.0,0.0,Neutral
@bapu139,Cute Jodi hai bas usne entertainment bol diya,0,0,0.0,0.508,0.492,0.7003,Positive
@AmitRout-vq3ct,"Kuchh bhi bolo ,bandi to cute hai🥰😍",0,0,0.0,0.667,0.333,0.4588,Positive
@user-xc6ij3eg5h,General me ticket book Kiya tha kya bro😂😂😂😂😂😂🎉🎉🎉🎉🎉,0,0,0.0,1.0,0.0,0.0,Neutral
@MdPathanMd-ei5pi,Kahi baju wali didi padengi Bhai dekke 😂😂😂,0,0,0.0,1.0,0.0,0.0,Neutral
@user-rm5fr2zk8o,Kya baat bhaii ladki to. Hasi ❤❤ <br>Lovely girl&#39; 🌹😍🌹😍,0,0,0.0,1.0,0.0,0.0,Neutral
@johnathanross2266,Waise ye to chhapri wali line thi &quot;aap doge na to pani kya jahar bhi pi lunga&quot; 😂,0,0,0.0,1.0,0.0,0.0,Neutral
@shivanidhami076,End m bhaiya ke piche tamkeen di bhi h na....vhi h syd..kis kis ne notice kiya😅,0,0,0.0,1.0,0.0,0.0,Neutral
@vsdabhi2495,Naughty ho raha ke ??😂,1,0,0.0,1.0,0.0,0.0,Neutral
@marathime8245,Vo haste haste security ko bulane gai he 😅,0,0,0.0,0.745,0.255,0.34,Positive
@Ggvhiunn,Hostess be like- beta aukat me tere se zada kamai hai meri😂,0,0,0.0,0.815,0.185,0.3612,Positive
@iambhavinpatel,Aisa sach me hota hai kya 😂😂,1,0,0.0,1.0,0.0,0.0,Neutral
@skygaming5477,BHAI VLOG BANAU USKE SATH,0,0,0.0,1.0,0.0,0.0,Neutral
@mrssb3278,Jaha bhi jao chapri mil hi jate hai😅😅,1,0,0.0,1.0,0.0,0.0,Neutral
@user-hk4zm5fh6s,Imagine your sister being an airhostess,0,0,0.0,1.0,0.0,0.0,Neutral
@ashubhandari5262,Khatarnaak😂😂😂,0,0,0.0,1.0,0.0,0.0,Neutral
@_C_h_a_y_a_,Imagine agar wahi cabin crew apko apni heel utar kar Marti toh kya hota...😂😂,0,0,0.0,1.0,0.0,0.0,Neutral
@akshatsharma8151,Legends focus on Target,0,0,0.0,1.0,0.0,0.0,Neutral
@bipulekka5543,Bilkul bhai log pass wali feel a raha hai,0,0,0.0,1.0,0.0,0.0,Neutral
@globalfactz2,Are Mere Nazar khi or hi thi😅,0,0,0.0,1.0,0.0,0.0,Neutral
@sonaligarg3026,Ab kuch log bolenge vo airhostes mere hai - vaise vo to mere hei hai,0,0,0.0,1.0,0.0,0.0,Neutral
@adiraj_123,यह flight है या बस 😂😂😂,0,0,0.0,1.0,0.0,0.0,Neutral
@subhamsarkar5298,The girl be like &quot; Kya kya sehna padta hai naukri ke liye &quot; 😏😏😏😏,0,0,0.0,0.848,0.152,0.3612,Positive
@Queen-of_Taehyung9502,Flight m vi bus wali veer !??😅,0,0,0.0,1.0,0.0,0.0,Neutral
@txnmxy...,Air hostess from outside: 😊😊<br>Air hostess from inside : Abe ye chapri kaha se agaya,0,0,0.0,1.0,0.0,0.0,Neutral
@__chandanmishra____ckm4882,Ye plane kam bus jada lag raha hai 😂,0,0,0.255,0.745,0.0,-0.34,Negative
@devashish5565,Line mar rahe ho😂😂😂😂,0,0,0.0,1.0,0.0,0.0,Neutral
@AxtraFacts22,Ye last mein thamkin thi na ?😅,0,0,0.0,1.0,0.0,0.0,Neutral
@FLFNinja,Thanks you ❌ promotion ✅,1,0,0.0,0.408,0.592,0.4404,Positive
@bhuwneshdubey1363,Impressed air hostess ❎ depressed air hostess ✅😂😂,0,0,0.289,0.439,0.272,-0.0516,Neutral
@SACHCHIDANANDTHIGALE,"Shant raho, ye preplanned hai😂",0,0,0.0,1.0,0.0,0.0,Neutral
@user-rm3lo7qq1r,Pahli baar dekha to kajal agrawal laga 😂😂😂,0,0,0.0,1.0,0.0,0.0,Neutral
@TejasavGupta,Aare yr ye metro ka virus idher be failll gya 😂,0,0,0.0,1.0,0.0,0.0,Neutral
@bhartisanjeeb092,❤I love airhostress,0,0,0.0,0.323,0.677,0.6369,Positive
@marutipandey814,Bhai ne flight mein bhi makkhan lagana nahi choda 😂😂😂,0,0,0.0,1.0,0.0,0.0,Neutral
@Prince-ys7xg,Isko eve teasing bolte h...😊😊😊😊,0,0,0.245,0.755,0.0,-0.0772,Neutral
@moneyy.ikykme,Cute to haii 😭🫶🏻,0,0,0.0,0.5,0.5,0.4588,Positive
@ArunKumar-jh6fi,Yaar flight ✈️ me log aise khade rahate hai ky 😂😂😂😂😂,0,0,0.0,1.0,0.0,0.0,Neutral
@factno.1_,Yaar ye konsi flight ✈️ hai jisme itni bheed hai Bhai 😂 kitne paise bachaye Bhai aapne 😅,0,0,0.0,1.0,0.0,0.0,Neutral
@priyabrataswain1613,Khule aam simping chal rahi hei guys 😂😂😂,0,0,0.0,1.0,0.0,0.0,Neutral
@Karttarhindu01,Instagram 😁 ladka nhi hai tu😂😂,0,0,0.0,1.0,0.0,0.0,Neutral
@the_arpit_arts,Aapko plane walon ne mara nahin😅,0,0,0.0,1.0,0.0,0.0,Neutral
@BudbakBabu-xv8wl,Local train jeysa ye local plane hai kya 😂😂,0,0,0.0,1.0,0.0,0.0,Neutral
@niyorkalita6057,Zyada urr rhaa thaa thapaka kar ke niche giraa 😂😂,0,0,0.0,1.0,0.0,0.0,Neutral
@hitesheditz9,Is this plane or a local bus? 😂,0,0,0.0,1.0,0.0,0.0,Neutral
@Okkkk78,Text tohda uper kariye,1,0,0.0,1.0,0.0,0.0,Neutral
@ronydas8394,Flight hai ya bus😂😅,0,0,0.0,1.0,0.0,0.0,Neutral
@PANDAGAMING-gc2li,Bhai ye talent sirf tere pass hi nahi h,0,0,0.0,0.714,0.286,0.4215,Positive
@amritmitra1922,"Anshu, swarali, shubhra, bijaya.. list to bari lambi hain prabhu 🙏 😂",0,0,0.0,1.0,0.0,0.0,Neutral
@cawasc1284,Unfortunately low cost airlines also invite such people to board their flights.,0,0,0.298,0.596,0.106,-0.4404,Negative
@omegleking2958,Ye kya dekh liya - Gold D ki channle wali हेरोइन,1,0,0.0,1.0,0.0,0.0,Neutral
@sanatanisunny897,Koi tissue bi dekh li 😂,0,0,0.0,1.0,0.0,0.0,Neutral
@natuadhana6792,Wa shivan wa😂😂,0,0,0.0,1.0,0.0,0.0,Neutral
@bikeasbehera4332,Ye ladki khud ek jeher he kamaal ki ladki yar,0,0,0.0,1.0,0.0,0.0,Neutral
@ShortsOfGPCC,Bich me khade logo ko kuch farak nahi pad raha 😂😂 sticking with their tight expressions,0,0,0.0,1.0,0.0,0.0,Neutral
@RanjanaSharma-sf7cl,Omegle invented in 2009.<br>People before 2009.,0,0,0.0,1.0,0.0,0.0,Neutral
@ashishsingh-xm6br,Omegle ❌ real life✅,0,0,0.0,1.0,0.0,0.0,Neutral
@MARRIAGEJOURNEY,Bus me air hostess hai🤔 ya airoplane me log khade ho kar travel karne lage hai 😂😂,0,0,0.0,1.0,0.0,0.0,Neutral
@Kokuyogaming,Badmash icon papa ne aapki pol khol di h 😂,0,0,0.0,1.0,0.0,0.0,Neutral
@Thesupporter7043,Bro full videos nahi hai kya iska,0,0,0.0,1.0,0.0,0.0,Neutral
@AbhayYadav-ub3wy,Ye plan me bhi log khade rhte hai kya seat full ho gyi to Bkki log khade hai 😂😂,1,1,0.0,1.0,0.0,0.0,Neutral
@Yash_Rajput_0,aap dogi 🌚<br>to pani kya jeher bhi pi lunga 🤣🤣<br>dirty mind activated 🌚😂,0,0,0.0,1.0,0.0,0.0,Neutral
@Sunny72837,Garam Masala movie dekh kr aaya h bhai😂,0,0,0.0,1.0,0.0,0.0,Neutral
@Imthehomelander__,Legend Focus On the Goal 🌝,0,0,0.0,1.0,0.0,0.0,Neutral
@niranjankumbhkar9154,सरमा गई का ।।😂,1,0,0.0,1.0,0.0,0.0,Neutral
@adprofessionalmusic9920,But someone noticed her girlfriend at last and who was also in the clip of match of cricket 😅😂,0,0,0.0,1.0,0.0,0.0,Neutral
@Studyy88,Bhai tu Zinda hai ya fir koi or video upload kr rha 😂😂,0,0,0.0,1.0,0.0,0.0,Neutral
@greasystar01,Bhai peeche ka page bhi dikha uspar number likha hoga 😂😂,0,0,0.0,0.885,0.115,0.0772,Positive
@RashmitaMajhi-oz2nq,White top wali Tamkeen he hena 😁,0,0,0.0,0.735,0.265,0.2023,Positive
@tejasagnihotri8647,Bhai me wo page ni dikhaya jisme number likha tha 😅,0,0,0.0,0.874,0.126,0.0772,Positive
@khanjersoumik6170,"Yeh cool hai aaj kal ,Face reveal karreho ho uska bhai yah papa dekhega toh ,Apki bhi toh behen hogi seh payoge toh phir thik hai😢",1,0,0.0,0.916,0.084,0.3182,Positive
@runjhunsahu5593,Ladko ki aadat....love ek se aur  flirt  anek se....,1,0,0.0,1.0,0.0,0.0,Neutral
@hindurashtra6813,When fairy applied for air-hostess job,0,0,0.0,1.0,0.0,0.0,Neutral
@Allah_hai_Dalla,"Disclaimer : Afsos uske bad shivam bhaiya ko chalti Flight se Niche fhaik Dia gaya 🥺🥺🥺, <br>( tention mat lo Bhai o Parashute tha )😂",0,0,0.137,0.863,0.0,-0.5423,Negative
@daydreamer7571,Sadak pe tu dikg gaya to nazare hata k chali jaaegi😂😂😂,0,0,0.0,1.0,0.0,0.0,Neutral
@anujkashyap_9015,Legends focus on gole cU systum ekdm pas me hai,0,0,0.0,1.0,0.0,0.0,Neutral
@sheelusingh9879,Achha hai bhi roadwage mein ni travel kar raha tha verna vaapas zinda na aata😂😂😂,0,0,0.0,1.0,0.0,0.0,Neutral
@juliuscaesar3548,Mai to kuch aur hi dekh raha tha🍑 agar hawa nikalti to shivam ka kya haal hota???😂😂😂😂😂,0,0,0.0,1.0,0.0,0.0,Neutral
@arpitchakra9059,Mujhe bhi mila tha apke jesa letter ✉️,0,0,0.221,0.779,0.0,-0.1779,Neutral
@arpitchakra9059,Or ek hide and seek biscuit bhi,0,0,0.221,0.779,0.0,-0.1779,Neutral
@adarshkumarj1708,Ab do saal tak video nahi aaegi <br>Jail jo ho gai hai😂😂😂😂😂😂😂😂😂😂😂😂,0,0,0.0,1.0,0.0,0.0,Neutral
@sarojmahara1908,"Wo to thik h,, lekin log khade kyu hain? 😅",0,0,0.0,1.0,0.0,0.0,Neutral
@AvinashKJ,I can see Yogesh in flight 😮😮,0,0,0.0,1.0,0.0,0.0,Neutral
@user-mg6sv1nq8p,Tu jeher pe bahut trapped Raha jeher pine ke lia🤨👌🔥,0,0,0.274,0.726,0.0,-0.5267,Negative
@blastgamertw830,Flight ❌ Baap ka bus ✅,0,0,0.0,1.0,0.0,0.0,Neutral
@rastapopolous8446,last scene of airport police dragging him n belting part kidar hai?,0,0,0.0,1.0,0.0,0.0,Neutral
@samirdash4895,"Waise me bada shakt londa hun, pr yaha me pighal gaya 😂",0,0,0.0,1.0,0.0,0.0,Neutral
@pOrnEsiAnParRapiO-7,Sab khade kyu hai plane mai 😅,0,0,0.0,1.0,0.0,0.0,Neutral
@Joseph_rana,Harassment ka case ho jaega😂,0,0,0.467,0.533,0.0,-0.5423,Negative
@aritramaji281,Pura video ha kaya,1,0,0.0,0.556,0.444,0.34,Positive
@BabuliMurmu-we7kh,"super bohot hansha me, so interesting",0,0,0.0,0.351,0.649,0.8122,Positive
@neeralyadav7754,Usane pilot ko complaint ki fir pilot ne pele diya bhai ko,0,0,0.167,0.833,0.0,-0.296,Negative
@Dmaskboyy,Yahi mazak ham kare to public peldeti hai 🤦‍♂️🤦‍♂️🤦‍♂️😂,0,0,0.0,1.0,0.0,0.0,Neutral
@gururandhawa_,Legend focus on goal 😂😂😂😂,0,0,0.0,1.0,0.0,0.0,Neutral
@salutelegends7550,Behind the scene💀,0,0,0.0,1.0,0.0,0.0,Neutral
@peace_eye,Cute to hai ❤,0,0,0.0,0.4,0.6,0.4588,Positive
@Wanderingfella,Aree ye Swarali kai bar mili hai mujhe b 😅,0,0,0.0,1.0,0.0,0.0,Neutral
@atozgyaan1724,Phle bus me chapri aate the ab plane me bhi 😅,0,0,0.0,1.0,0.0,0.0,Neutral
@27Gamer_,Navo dhandho chalu karyo 😂😂,1,0,0.0,1.0,0.0,0.0,Neutral
@mohammedshuaib4556,smiling by air hostess is just her a part of job training lol don&#39;t think it is love😅,0,0,0.0,0.721,0.279,0.7003,Positive
@abhiksarkar6712,Its called battamizi😅,1,0,0.0,1.0,0.0,0.0,Neutral
@malviyap667,"❤ किसी का काम है वो, अपनी बहन को दे, उसको बोल ऐसा,",1,0,0.0,1.0,0.0,0.0,Neutral
@abhishekkaushik3126,Heads off to airhostess they do the job of endure of this kind of activity,0,0,0.0,1.0,0.0,0.0,Neutral
@medico697,Phighal gyi bhai 😂,0,0,0.0,1.0,0.0,0.0,Neutral
@RanjeetKumar-ss5zf,Kisi ne tamkeen ko focus Kiya 😂,0,0,0.0,1.0,0.0,0.0,Neutral
@mohitkumarkeshri2862,Date to dekho dyslexia ka sikar hai 🤣🤣🤣,0,0,0.0,1.0,0.0,0.0,Neutral
@monroy9263,It  was my birthday date😂😂❤,0,0,0.0,1.0,0.0,0.0,Neutral
@paramdixit6860,E ekso 4hzar de re😅,0,0,0.0,1.0,0.0,0.0,Neutral
@RohitKumar-pu6qu,ये खान सर के जैसा लग रहा 😅😂😅😅,0,0,0.0,1.0,0.0,0.0,Neutral
@debashisdey3461,Ise impress nahi irritated bolte hai😂😂😂,0,0,0.303,0.404,0.293,-0.0258,Neutral
@Neemamaurya21,Jo air hostess ko impressing kar lena vah meri aap hi rahti hai,0,0,0.0,0.774,0.226,0.5423,Positive
@atalvlogs4605,😂relox guys ye iski bahen hi hai😂,0,0,0.0,1.0,0.0,0.0,Neutral
@scientistrasel,Indigo <br>I saw this air host 😊,0,0,0.0,1.0,0.0,0.0,Neutral
@minadevi7307,Writing kitni sundar hai,0,0,0.0,1.0,0.0,0.0,Neutral
@narendrakumar-yh5hl,Jab Langoor ko kahi angoor dikhe tab aesa hi hota ha 😀😀😀,0,0,0.0,0.821,0.179,0.34,Positive
@angel..001o,Gucci jese bag aur ghadi wali ka muh kyu sad rha hai lekin 😂,0,0,0.205,0.795,0.0,-0.4767,Negative
@Nishakant_Dwivedi,अरे shivam Bhaiya kya hua जहर पीना है<br>मैं कुछ मदद करूं 😀😀😀❣️,0,0,0.0,1.0,0.0,0.0,Neutral
@gouravraj1169,I tried the same now I am out of the plane flying in the air and I have no parachute.. 😭😭😭,0,0,0.115,0.885,0.0,-0.296,Negative
@pankajraikuni7057,Kuch bhi kaho ladki cute to h 😂❤,0,0,0.0,0.667,0.333,0.4588,Positive
@manishsuryawanshi2419,Shi flirt c😂hal ra h,0,0,0.0,1.0,0.0,0.0,Neutral
@sohaiblatif1988,Yr ye kitni ❤ ha,0,0,0.0,0.556,0.444,0.34,Positive
@sohaiblatif1988,Yr ye kitni ❤ ha,0,0,0.0,0.556,0.444,0.34,Positive
@NewComer_6574,next  part :  एयर होस्टेस ने शिवम को सच में  जहर देकर प्लेन से नीचे फेंक दिया...😅😅,0,0,0.0,1.0,0.0,0.0,Neutral
@its_ur_rg,Only legends can noticed here something 😂,0,0,0.0,1.0,0.0,0.0,Neutral
@ravi_shroff,Kya video mein last mein Kisi ne tamkeen ko dekha 😅,0,0,0.0,1.0,0.0,0.0,Neutral
@atwoz1850,Bhai ye indigo ki air hostess hai mene dekha hai 😂😅,0,0,0.0,1.0,0.0,0.0,Neutral
@karinatyagi6404,Yeh Delhi famous Vada pav wali di lgri h 😮😮😮😮,0,0,0.0,1.0,0.0,0.0,Neutral
@officialsuraj1234,Air plane✈️❌Bus 🚌✅,0,0,0.0,1.0,0.0,0.0,Neutral
@Thelastmanstanding-el9sm,Saadak ka loga dikhtha hai 😂😂😂,0,0,0.0,1.0,0.0,0.0,Neutral
@brokenboyravi,Bhai mera focus to kahi or hi tha 😅,0,1,0.0,1.0,0.0,0.0,Neutral
@SachinSharma-ei4fj,Shukr mna usne security ni bulayi,0,0,0.0,0.676,0.324,0.34,Positive
@3amaduio,Tamkeen Kya kar rahi hai bhai tere sath 😂 woh to  golden boy ki gf hai na 😂,0,0,0.0,1.0,0.0,0.0,Neutral
@Liberatedwolf,Flirting ❌<br>Molestation ☑️,0,1,0.0,0.526,0.474,0.2023,Positive
@rajasharma362,Maal kachhi hai abhi❤❤,0,0,0.0,1.0,0.0,0.0,Neutral
@vampire2978,Female version of rafsan the choto bhai,0,0,0.0,1.0,0.0,0.0,Neutral
@chain2mnm1,Impressing ❌ Harassing ✔️,0,0,0.438,0.125,0.438,0.0,Neutral
@drivindevil,"Bhai note se he khush hai, padhne ki koshish bhi nahi kari .. jiyo!!",0,0,0.0,1.0,0.0,0.0,Neutral
@rohansingh7162,😂 bhoot bhoot Se Kya man Bhar Gaya Kya,0,0,0.0,1.0,0.0,0.0,Neutral
@snkoli9596,Nice ❤❤,1,0,0.0,0.263,0.737,0.4215,Positive
@26devanshgupta91,Bhabhi mil gayi 😂😂😂😂,0,0,0.0,1.0,0.0,0.0,Neutral
@lifeishard6497,Bhai koi pahla scene ma ladka ko dekh bhi rha tha?,0,0,0.0,1.0,0.0,0.0,Neutral
@jiazamir4911,Plane me log khry ho k b jaty hai kya ye plane km metro bus ziada lg rha,1,0,0.0,1.0,0.0,0.0,Neutral
@rajeevsharma8212,दिलफेंक!😁😎,0,0,0.0,1.0,0.0,0.0,Neutral
@mrkirit6404,Yrrr kitni awesome he yrrr me to mar gaya,0,0,0.0,0.661,0.339,0.6249,Positive
@candy7808,Ye Plane me general Dibba jaisa feeling ho rahi hai😅😅,0,0,0.0,0.857,0.143,0.128,Positive
@ronaldodhar01,Is this train or bus?,1,0,0.0,1.0,0.0,0.0,Neutral
@Phy_sajan,Legend focus on target 😂,0,1,0.0,1.0,0.0,0.0,Neutral
@bittubittu3875,Ab flight mai khade ho kar jane lage kya crowd zada hone ki wajah se jaise local city buses mai hota hai,0,0,0.0,1.0,0.0,0.0,Neutral
@Trgenhacker,airhosetel is very beautiful,0,0,0.0,0.417,0.583,0.6361,Positive
@jitendrakumarsingh644,Ye samjh nhi aa Rahi Kuch log khada kyu hai Bhai plane me?. waiting list wale hai kya 😅...,1,1,0.0,1.0,0.0,0.0,Neutral
@krishnasolanki8207,Ye kuch jyada ni hogya 😢😂😂😂😂,0,0,0.0,1.0,0.0,0.0,Neutral
@beingsalman3124,Par itne log khare kyu hai woh bhi plane me 😢😢,0,0,0.0,1.0,0.0,0.0,Neutral
@user-qc1bc4yi8n,Kya fayda number toh likha hi ni8😅,0,0,0.0,0.822,0.178,0.0772,Positive
@abcalii1261,Imagine someone do same to his sister.,0,0,0.0,1.0,0.0,0.0,Neutral
@kuldeeprocks96,Plane me khare khare kbse jne lge,1,0,0.0,1.0,0.0,0.0,Neutral
@WSggujv,Bas yahi😂 flight me Jana hai apne ko ab....,0,0,0.0,1.0,0.0,0.0,Neutral
@bhavesh_888,Komedy ho gyi boht bhayankar 🤡,0,0,0.0,1.0,0.0,0.0,Neutral
@Mr.Hemant03,Are iske peeche tamkeen Khan bhi thi😊,0,0,0.0,1.0,0.0,0.0,Neutral
@Bawayt0001,Shaadi kab karo ga bhai 🤔🤔🤔,0,0,0.0,1.0,0.0,0.0,Neutral
@surrender1021,Piche wali inhe gusse me kyu hai😂😂,0,0,0.0,1.0,0.0,0.0,Neutral
@raghurajpratapsingh5073,"गांव में इसे सीतियाबाजी कहते हैं, पकड़े जाने पर सिर के आधे बाल, आधी मूछ, एक भौंह बनवा दिए जाते हैं 😂😂😂😂",0,0,0.0,1.0,0.0,0.0,Neutral
@sherazsaleem6224,Jb sasty gareeb chapri pehle br jahaz m bethty h to wo aise hi harkaty krte hy 😂🎉,0,0,0.0,1.0,0.0,0.0,Neutral
@kamil6224,Ye flight pe bus jesa feel q ho raha hai,0,0,0.0,1.0,0.0,0.0,Neutral
@user-en6zu6vg3d,You deserve waitress air hostess..,0,0,0.0,1.0,0.0,0.0,Neutral
@umairmeer9167,Yarr Kuch b ho so cute so lovely girl love you ❤️🥰❤️❤️🥰😘😘😘😘😘😘😘😘,0,0,0.0,0.372,0.628,0.9385,Positive
@lttechnicalclasses8670,Legend Focus on Target 🗿,0,0,0.0,1.0,0.0,0.0,Neutral
@pushkarmishra0994,Maine bhi aisa hi kia tha...fir aankh lag gyi aur jab utha toh Mumbai airport ki bahar sadak pe pada tha.. aur chaar paanch log CRPF ki uniform mein mjhe aata samjh ke gooth rahe they!,0,0,0.169,0.831,0.0,-0.784,Negative
@Falna_Aadmi,Plane me bus jaisa bhid 😂😂,0,0,0.0,1.0,0.0,0.0,Neutral
@90sdude94,kis kis ne video se jada comments padh kar has has ke maaje le raha hai 😂😂😂😂😂😂😂😂😂😂,0,0,0.0,1.0,0.0,0.0,Neutral
@user-nv8vs1ug8l,Bhai piche gummah kr dekho number hoga 😂😂,0,0,0.0,0.843,0.157,0.0772,Positive
@subodharya1307,"मुझे तो बस इतना बता दो ये जो लोग खड़े है इनको हैंडल दो भाई हेड पे, कुछ पकड़ने को ही नही है 😂😂",0,0,0.0,1.0,0.0,0.0,Neutral
@AkashRay_43,Kisi ne tamkeen ko notice kiya,1,0,0.0,1.0,0.0,0.0,Neutral
@savitridevisavitridevi190,Isme to yogesh sharma bhi travel kar raha hai,0,0,0.0,1.0,0.0,0.0,Neutral
@lappujhannaa,इंडिया में अब वो दिन दूर नहीं जब चाय वाले भी प्लेन में चढ़ जाएंगे... चाय चाय चाय...,0,0,0.0,1.0,0.0,0.0,Neutral
@Sabrinaktee260,Who noticed yogesh at the beginning,0,0,0.0,1.0,0.0,0.0,Neutral
@aniketwaghire3675,ये कौनसा सस्ता wala फ्लाइट है भाई जहा लोग खडे होके travel कर रहे है,0,0,0.0,1.0,0.0,0.0,Neutral
@bishwajitroy9812,Khoon piyegi tumhari 😂😂😂😂😂,0,0,0.0,1.0,0.0,0.0,Neutral
@user-tn3lx2ls7s,maine bhi yahi kara tha abhi jail mai hu🙂,0,0,0.0,1.0,0.0,0.0,Neutral
@goluu,Piche number hai 😂,0,0,0.0,0.606,0.394,0.0772,Positive
@yogeshyadav-lq9cb,Moye Moye 😂😂,0,0,0.0,1.0,0.0,0.0,Neutral
@user-zk2kv6pg2w,Tamkeen khan kya krri aap k sath 😂,0,0,0.0,1.0,0.0,0.0,Neutral
@jsTsRust,Mujhy to kuch aur hi dikh rha 😂,0,0,0.0,1.0,0.0,0.0,Neutral
@umashankar3060,Time hai Bhai ka ...,0,0,0.0,1.0,0.0,0.0,Neutral
@user-tv6mk8rr4q,Legend koi aur dekh rh ehai,0,0,0.0,1.0,0.0,0.0,Neutral
@dineshvasava685,Mann be like ...gaddari karbe,0,0,0.0,0.615,0.385,0.3612,Positive
@ChingChongghbk,When good looking people flirts<br>Air hostess - <b><i>blushes</i></b> 🥴<br>When average looking people flirts<br>Air hostess - He is harrassing me 😡,0,0,0.0,0.847,0.153,0.4404,Positive
@user-ov5hd3dn2q,Aur agar video nahi banti aur ye entertainment ka song nahi chalta to ye harrasment ho jata ye to galat baat hai bhai😂😂😂😂,0,0,0.0,0.887,0.113,0.4215,Positive
@shorolrahman,Whats the name of the song?,0,0,0.0,1.0,0.0,0.0,Neutral
@asphaltgaming2804,Yai flight hai ya fir bus I&#39;m still confused 🤔😕,0,0,0.204,0.796,0.0,-0.3182,Negative
@james_1.,"Plane not flying at, it&#39;s landed",0,0,0.0,1.0,0.0,0.0,Neutral
@aalyasrivastava1420,Ye sarkaari bus ki bheed kaise?😂,0,0,0.0,1.0,0.0,0.0,Neutral
@roshansendang7457,What happen if she really give him poision😅😅,0,0,0.0,1.0,0.0,0.0,Neutral
@zedkon3302,Khule me😂😂,0,0,0.0,1.0,0.0,0.0,Neutral
@AmitKumar-tf8jf,Yai flight h 😅 ya train,0,0,0.0,1.0,0.0,0.0,Neutral
@deepakgaur605,Bus hi hai😂,0,0,0.0,1.0,0.0,0.0,Neutral
@rajdurai6780,Train me airhostess?😮,0,0,0.0,1.0,0.0,0.0,Neutral
@deepaksharma-sd5if,Ye kesi plane hai jismain log khade hoke travel kar re hai,0,0,0.0,1.0,0.0,0.0,Neutral
@bipulkumar-lm8en,Very nice ❤❤,0,0,0.0,0.393,0.607,0.4754,Positive
@shamy_HQ,Bhai plane hai ya mumbai local,0,0,0.0,1.0,0.0,0.0,Neutral
@mrumi991,Indian air lines main log kady ho k travel krty hain kya.?🤔🤔🤔,0,0,0.0,1.0,0.0,0.0,Neutral
@Indian_Knight_07,Green wali aunty be like : 🙄 ye kya bakchodi chal rahi hai,0,0,0.0,0.8,0.2,0.3612,Positive
@rjtm7976,"Log khare kyun he,,,, eise hi ja rahe he kya😢",0,0,0.0,1.0,0.0,0.0,Neutral
@xaviersan6250,Flights ke rate km ho gye hain shayad,0,0,0.0,1.0,0.0,0.0,Neutral
@vimaladiley2227,Ye kya ab flight mein bhi khade hoke travel krna padta hai😢,0,0,0.0,1.0,0.0,0.0,Neutral
@ritesh1235,Page ke piche dekho numbers honge unke.,0,0,0.0,1.0,0.0,0.0,Neutral
@Sunshine_014,Pad shung rha ha 😂😂😂😂,0,0,0.0,0.625,0.375,0.34,Positive
@sgpriyansh6698,Hello police it&#39;s an emergency<br>Yaha ik tharki aya hai,0,0,0.0,1.0,0.0,0.0,Neutral
@pankajpanditofficial1440,Koi id to btao is ladki ki. Last me jo latter pr mentioned h. 😂,0,0,0.0,1.0,0.0,0.0,Neutral
@bilalrajput2444,"That&#39;s all fine, but why is there so much noise inside the flight like a bus, everyone is standing.",0,0,0.0,0.775,0.225,0.5647,Positive
@MukeshKumar-wz5sk,Are video mein yogesh dancer tha kisne kisne notice kiya,0,0,0.0,1.0,0.0,0.0,Neutral
@sanjeevdesai4128,Flight me bhi standing ticket hoti gai kya  fir ye sab log khade kyu hal,0,0,0.0,1.0,0.0,0.0,Neutral
@vaishaliarya9948,Kis kis ne thamkeen dii ko notice kiya,0,0,0.0,1.0,0.0,0.0,Neutral
@Roywalker300,Bhai pyar me plane se kudd ja 😂,0,0,0.0,1.0,0.0,0.0,Neutral
@bhupinder955,"India ka future, 😢",0,0,0.0,1.0,0.0,0.0,Neutral
@MrSunil2212,"Tight hai, in Mumbai way.",0,0,0.0,1.0,0.0,0.0,Neutral
@madhusmitapanda1571,Is any one noticed Tamkeen at last,0,0,0.0,1.0,0.0,0.0,Neutral
@arshpatel7392,Uma kuturla uma kuturla ❤❤❤❤❤😍😍😍,0,0,0.0,1.0,0.0,0.0,Neutral
@NARUTOUZUMAKI-fl1ui,Bhai phone bhi diya ki nhi,0,0,0.0,1.0,0.0,0.0,Neutral
@jackshulka428,ये लोग सिटी बस की तरह खड़े क्यू है 🧐,0,0,0.0,1.0,0.0,0.0,Neutral
@UshaDevi-xg3vr,aise logo ko gao meharchaura bolte h😂😂,0,0,0.0,1.0,0.0,0.0,Neutral
@ashishbaliyan1157,Bkl inha hasne k hi paisa milta h 😅,0,0,0.0,1.0,0.0,0.0,Neutral
@muhammadsalamkhan1,India men public plane men bhee kharri ho kar jaati hai kya? 🧐,0,0,0.0,1.0,0.0,0.0,Neutral
@madujat2803,Noty ho raha 😂😂😂😂😂,0,0,0.0,1.0,0.0,0.0,Neutral
@mdalaminhossan7035,Carancterless😂😂😂😂,0,0,0.0,1.0,0.0,0.0,Neutral
@DynamicRaku,Ye flight ha ya bus?,0,0,0.0,0.625,0.375,0.34,Positive
@lopamudrasahoo50,Tamkeen khan❤,0,0,0.0,1.0,0.0,0.0,Neutral
@akhossain5042,Let him cook,0,0,0.0,1.0,0.0,0.0,Neutral
@kunalshimpi7143,Full video he kisi ke pas?,0,0,0.0,1.0,0.0,0.0,Neutral
@Bluetears28,cute toh hai,0,0,0.0,0.4,0.6,0.4588,Positive
@satyamchauhan21,Ye plane me log khade ho kar jate hai kya 🤔,0,0,0.0,1.0,0.0,0.0,Neutral
@m.anaya24,Did someone noticed tamkeen😮,0,0,0.0,1.0,0.0,0.0,Neutral
@ashishb251,Aisi filming chalti hai kya flight me,0,0,0.0,1.0,0.0,0.0,Neutral
@anonymous_0007,Yeh airhostess bus mein kya kar rahi hai🙄,0,0,0.0,1.0,0.0,0.0,Neutral
@somnathpaul4381,Bhai ko ek chahiye tha. Teen mil gaya,0,0,0.0,1.0,0.0,0.0,Neutral
@clearconcept6285,Kisi ne Yogesh ko pehchana kya??😂 Is video me,0,0,0.0,1.0,0.0,0.0,Neutral
@BankNiftyChamaeleon,Hasna Hr ldki ki Ada hai..<br>Jo isko pyar smjhe wo gadha hai.,0,0,0.0,1.0,0.0,0.0,Neutral
@moodflix5053,Piche number ha 😂,0,0,0.0,0.213,0.787,0.4019,Positive
@pratibha1505,Anyone notice yogesh sharma 😊,0,0,0.0,1.0,0.0,0.0,Neutral
@pratyakshsomani,Creepy passenger pro.,0,0,0.0,1.0,0.0,0.0,Neutral
@indranilkundu1759,Are tamkeen mam😅,0,0,0.0,1.0,0.0,0.0,Neutral
